O_cluster_id,O_center_longitude,O_center_latitude,D_center_longitude,D_center_latitude,match_count
0,104.07199374834718,30.67266850255036,104.07206172260082,30.672240335204563,191305
0,104.07199374834718,30.67266850255036,103.9237705251509,30.591269382293763,497
0,104.07199374834718,30.67266850255036,104.25866720930233,30.88396520930232,43
0,104.07199374834718,30.67266850255036,104.2572095409836,30.562403475409837,121
0,104.07199374834718,30.67266850255036,104.30622614285714,30.60209007142857,28
0,104.07199374834718,30.67266850255036,103.85504021904762,30.689626469841276,313
0,104.07199374834718,30.67266850255036,103.99518476923079,30.48707561538462,12
0,104.07199374834718,30.67266850255036,103.88414,30.486520000000002,5
0,104.07199374834718,30.67266850255036,104.17112445000001,30.743695549999995,19
0,104.07199374834718,30.67266850255036,103.98198211214954,30.82188456074766,104
0,104.07199374834718,30.67266850255036,104.0119119047619,30.874704460317464,63
0,104.07199374834718,30.67266850255036,103.95123416666667,30.49310916666667,12
0,104.07199374834718,30.67266850255036,103.9098943,30.72089306666667,30
0,104.07199374834718,30.67266850255036,104.13582,30.48946,8
0,104.07199374834718,30.67266850255036,104.16834499999999,30.760274999999996,6
0,104.07199374834718,30.67266850255036,104.23110196551724,30.649298068965518,58
0,104.07199374834718,30.67266850255036,103.61329,30.99683,8
0,104.07199374834718,30.67266850255036,103.9236534117647,30.673446323529415,32
0,104.07199374834718,30.67266850255036,104.40076285714285,30.86340285714286,7
0,104.07199374834718,30.67266850255036,104.21791800000001,30.802466,10
0,104.07199374834718,30.67266850255036,104.23668295454549,30.782374772727266,22
0,104.07199374834718,30.67266850255036,104.29697363636365,30.684199999999997,11
0,104.07199374834718,30.67266850255036,104.02067249999999,30.839014833333334,36
0,104.07199374834718,30.67266850255036,103.98255375,30.511358750000003,8
0,104.07199374834718,30.67266850255036,104.15432199999998,30.847402,5
0,104.07199374834718,30.67266850255036,103.94843095000002,30.977993000000005,20
0,104.07199374834718,30.67266850255036,104.096902,30.896734,5
0,104.07199374834718,30.67266850255036,104.13560333333334,30.478386666666665,6
0,104.07199374834718,30.67266850255036,104.43639333333334,30.85260166666667,6
0,104.07199374834718,30.67266850255036,103.87531714285714,30.58457842857143,7
0,104.07199374834718,30.67266850255036,103.57272800000001,30.897280000000002,5
0,104.07199374834718,30.67266850255036,104.269135,30.725851111111112,18
0,104.07199374834718,30.67266850255036,104.20363857142857,30.876861428571427,7
0,104.07199374834718,30.67266850255036,104.26632926086955,30.64805417391305,23
0,104.07199374834718,30.67266850255036,103.85716500000002,30.777672384615382,13
0,104.07199374834718,30.67266850255036,103.63606428571428,30.983785714285716,7
0,104.07199374834718,30.67266850255036,103.99615333333333,30.520253333333333,6
0,104.07199374834718,30.67266850255036,104.20068999999998,30.593339000000004,5
0,104.07199374834718,30.67266850255036,103.9572088888889,30.990869999999997,9
0,104.07199374834718,30.67266850255036,104.21925016666667,30.707968500000003,6
0,104.07199374834718,30.67266850255036,104.327773875,30.637637875,8
0,104.07199374834718,30.67266850255036,103.68092666666666,30.644258333333337,6
0,104.07199374834718,30.67266850255036,104.1073157142857,30.944672857142855,7
0,104.07199374834718,30.67266850255036,104.461646,30.857539600000003,5
0,104.07199374834718,30.67266850255036,104.22959399999999,30.815998,5
0,104.07199374834718,30.67266850255036,103.9334546,30.990269599999998,5
0,104.07199374834718,30.67266850255036,103.80225399999999,30.661294000000005,5
1,103.85233323275861,30.68907912931035,104.07206172260082,30.672240335204563,231
1,103.85233323275861,30.68907912931035,103.9237705251509,30.591269382293763,0
1,103.85233323275861,30.68907912931035,104.25866720930233,30.88396520930232,0
1,103.85233323275861,30.68907912931035,104.2572095409836,30.562403475409837,0
1,103.85233323275861,30.68907912931035,104.30622614285714,30.60209007142857,0
1,103.85233323275861,30.68907912931035,103.85504021904762,30.689626469841276,0
1,103.85233323275861,30.68907912931035,103.99518476923079,30.48707561538462,0
1,103.85233323275861,30.68907912931035,103.88414,30.486520000000002,0
1,103.85233323275861,30.68907912931035,104.17112445000001,30.743695549999995,0
1,103.85233323275861,30.68907912931035,103.98198211214954,30.82188456074766,0
1,103.85233323275861,30.68907912931035,104.0119119047619,30.874704460317464,0
1,103.85233323275861,30.68907912931035,103.95123416666667,30.49310916666667,0
1,103.85233323275861,30.68907912931035,103.9098943,30.72089306666667,0
1,103.85233323275861,30.68907912931035,104.13582,30.48946,0
1,103.85233323275861,30.68907912931035,104.16834499999999,30.760274999999996,0
1,103.85233323275861,30.68907912931035,104.23110196551724,30.649298068965518,0
1,103.85233323275861,30.68907912931035,103.61329,30.99683,0
1,103.85233323275861,30.68907912931035,103.9236534117647,30.673446323529415,1
1,103.85233323275861,30.68907912931035,104.40076285714285,30.86340285714286,0
1,103.85233323275861,30.68907912931035,104.21791800000001,30.802466,0
1,103.85233323275861,30.68907912931035,104.23668295454549,30.782374772727266,0
1,103.85233323275861,30.68907912931035,104.29697363636365,30.684199999999997,0
1,103.85233323275861,30.68907912931035,104.02067249999999,30.839014833333334,0
1,103.85233323275861,30.68907912931035,103.98255375,30.511358750000003,0
1,103.85233323275861,30.68907912931035,104.15432199999998,30.847402,0
1,103.85233323275861,30.68907912931035,103.94843095000002,30.977993000000005,0
1,103.85233323275861,30.68907912931035,104.096902,30.896734,0
1,103.85233323275861,30.68907912931035,104.13560333333334,30.478386666666665,0
1,103.85233323275861,30.68907912931035,104.43639333333334,30.85260166666667,0
1,103.85233323275861,30.68907912931035,103.87531714285714,30.58457842857143,0
1,103.85233323275861,30.68907912931035,103.57272800000001,30.897280000000002,0
1,103.85233323275861,30.68907912931035,104.269135,30.725851111111112,0
1,103.85233323275861,30.68907912931035,104.20363857142857,30.876861428571427,0
1,103.85233323275861,30.68907912931035,104.26632926086955,30.64805417391305,0
1,103.85233323275861,30.68907912931035,103.85716500000002,30.777672384615382,0
1,103.85233323275861,30.68907912931035,103.63606428571428,30.983785714285716,0
1,103.85233323275861,30.68907912931035,103.99615333333333,30.520253333333333,0
1,103.85233323275861,30.68907912931035,104.20068999999998,30.593339000000004,0
1,103.85233323275861,30.68907912931035,103.9572088888889,30.990869999999997,0
1,103.85233323275861,30.68907912931035,104.21925016666667,30.707968500000003,0
1,103.85233323275861,30.68907912931035,104.327773875,30.637637875,0
1,103.85233323275861,30.68907912931035,103.68092666666666,30.644258333333337,0
1,103.85233323275861,30.68907912931035,104.1073157142857,30.944672857142855,0
1,103.85233323275861,30.68907912931035,104.461646,30.857539600000003,0
1,103.85233323275861,30.68907912931035,104.22959399999999,30.815998,0
1,103.85233323275861,30.68907912931035,103.9334546,30.990269599999998,0
1,103.85233323275861,30.68907912931035,103.80225399999999,30.661294000000005,0
2,103.9836515151515,30.822061282828283,104.07206172260082,30.672240335204563,96
2,103.9836515151515,30.822061282828283,103.9237705251509,30.591269382293763,0
2,103.9836515151515,30.822061282828283,104.25866720930233,30.88396520930232,0
2,103.9836515151515,30.822061282828283,104.2572095409836,30.562403475409837,0
2,103.9836515151515,30.822061282828283,104.30622614285714,30.60209007142857,0
2,103.9836515151515,30.822061282828283,103.85504021904762,30.689626469841276,0
2,103.9836515151515,30.822061282828283,103.99518476923079,30.48707561538462,0
2,103.9836515151515,30.822061282828283,103.88414,30.486520000000002,0
2,103.9836515151515,30.822061282828283,104.17112445000001,30.743695549999995,0
2,103.9836515151515,30.822061282828283,103.98198211214954,30.82188456074766,3
2,103.9836515151515,30.822061282828283,104.0119119047619,30.874704460317464,0
2,103.9836515151515,30.822061282828283,103.95123416666667,30.49310916666667,0
2,103.9836515151515,30.822061282828283,103.9098943,30.72089306666667,0
2,103.9836515151515,30.822061282828283,104.13582,30.48946,0
2,103.9836515151515,30.822061282828283,104.16834499999999,30.760274999999996,0
2,103.9836515151515,30.822061282828283,104.23110196551724,30.649298068965518,0
2,103.9836515151515,30.822061282828283,103.61329,30.99683,0
2,103.9836515151515,30.822061282828283,103.9236534117647,30.673446323529415,0
2,103.9836515151515,30.822061282828283,104.40076285714285,30.86340285714286,0
2,103.9836515151515,30.822061282828283,104.21791800000001,30.802466,0
2,103.9836515151515,30.822061282828283,104.23668295454549,30.782374772727266,0
2,103.9836515151515,30.822061282828283,104.29697363636365,30.684199999999997,0
2,103.9836515151515,30.822061282828283,104.02067249999999,30.839014833333334,0
2,103.9836515151515,30.822061282828283,103.98255375,30.511358750000003,0
2,103.9836515151515,30.822061282828283,104.15432199999998,30.847402,0
2,103.9836515151515,30.822061282828283,103.94843095000002,30.977993000000005,0
2,103.9836515151515,30.822061282828283,104.096902,30.896734,0
2,103.9836515151515,30.822061282828283,104.13560333333334,30.478386666666665,0
2,103.9836515151515,30.822061282828283,104.43639333333334,30.85260166666667,0
2,103.9836515151515,30.822061282828283,103.87531714285714,30.58457842857143,0
2,103.9836515151515,30.822061282828283,103.57272800000001,30.897280000000002,0
2,103.9836515151515,30.822061282828283,104.269135,30.725851111111112,0
2,103.9836515151515,30.822061282828283,104.20363857142857,30.876861428571427,0
2,103.9836515151515,30.822061282828283,104.26632926086955,30.64805417391305,0
2,103.9836515151515,30.822061282828283,103.85716500000002,30.777672384615382,0
2,103.9836515151515,30.822061282828283,103.63606428571428,30.983785714285716,0
2,103.9836515151515,30.822061282828283,103.99615333333333,30.520253333333333,0
2,103.9836515151515,30.822061282828283,104.20068999999998,30.593339000000004,0
2,103.9836515151515,30.822061282828283,103.9572088888889,30.990869999999997,0
2,103.9836515151515,30.822061282828283,104.21925016666667,30.707968500000003,0
2,103.9836515151515,30.822061282828283,104.327773875,30.637637875,0
2,103.9836515151515,30.822061282828283,103.68092666666666,30.644258333333337,0
2,103.9836515151515,30.822061282828283,104.1073157142857,30.944672857142855,0
2,103.9836515151515,30.822061282828283,104.461646,30.857539600000003,0
2,103.9836515151515,30.822061282828283,104.22959399999999,30.815998,0
2,103.9836515151515,30.822061282828283,103.9334546,30.990269599999998,0
2,103.9836515151515,30.822061282828283,103.80225399999999,30.661294000000005,0
3,104.20668403125,30.735720781250002,104.07206172260082,30.672240335204563,31
3,104.20668403125,30.735720781250002,103.9237705251509,30.591269382293763,0
3,104.20668403125,30.735720781250002,104.25866720930233,30.88396520930232,0
3,104.20668403125,30.735720781250002,104.2572095409836,30.562403475409837,0
3,104.20668403125,30.735720781250002,104.30622614285714,30.60209007142857,0
3,104.20668403125,30.735720781250002,103.85504021904762,30.689626469841276,0
3,104.20668403125,30.735720781250002,103.99518476923079,30.48707561538462,0
3,104.20668403125,30.735720781250002,103.88414,30.486520000000002,0
3,104.20668403125,30.735720781250002,104.17112445000001,30.743695549999995,0
3,104.20668403125,30.735720781250002,103.98198211214954,30.82188456074766,0
3,104.20668403125,30.735720781250002,104.0119119047619,30.874704460317464,0
3,104.20668403125,30.735720781250002,103.95123416666667,30.49310916666667,0
3,104.20668403125,30.735720781250002,103.9098943,30.72089306666667,0
3,104.20668403125,30.735720781250002,104.13582,30.48946,0
3,104.20668403125,30.735720781250002,104.16834499999999,30.760274999999996,0
3,104.20668403125,30.735720781250002,104.23110196551724,30.649298068965518,0
3,104.20668403125,30.735720781250002,103.61329,30.99683,0
3,104.20668403125,30.735720781250002,103.9236534117647,30.673446323529415,0
3,104.20668403125,30.735720781250002,104.40076285714285,30.86340285714286,0
3,104.20668403125,30.735720781250002,104.21791800000001,30.802466,0
3,104.20668403125,30.735720781250002,104.23668295454549,30.782374772727266,0
3,104.20668403125,30.735720781250002,104.29697363636365,30.684199999999997,0
3,104.20668403125,30.735720781250002,104.02067249999999,30.839014833333334,0
3,104.20668403125,30.735720781250002,103.98255375,30.511358750000003,0
3,104.20668403125,30.735720781250002,104.15432199999998,30.847402,0
3,104.20668403125,30.735720781250002,103.94843095000002,30.977993000000005,0
3,104.20668403125,30.735720781250002,104.096902,30.896734,0
3,104.20668403125,30.735720781250002,104.13560333333334,30.478386666666665,0
3,104.20668403125,30.735720781250002,104.43639333333334,30.85260166666667,0
3,104.20668403125,30.735720781250002,103.87531714285714,30.58457842857143,0
3,104.20668403125,30.735720781250002,103.57272800000001,30.897280000000002,0
3,104.20668403125,30.735720781250002,104.269135,30.725851111111112,0
3,104.20668403125,30.735720781250002,104.20363857142857,30.876861428571427,0
3,104.20668403125,30.735720781250002,104.26632926086955,30.64805417391305,0
3,104.20668403125,30.735720781250002,103.85716500000002,30.777672384615382,0
3,104.20668403125,30.735720781250002,103.63606428571428,30.983785714285716,0
3,104.20668403125,30.735720781250002,103.99615333333333,30.520253333333333,0
3,104.20668403125,30.735720781250002,104.20068999999998,30.593339000000004,0
3,104.20668403125,30.735720781250002,103.9572088888889,30.990869999999997,0
3,104.20668403125,30.735720781250002,104.21925016666667,30.707968500000003,0
3,104.20668403125,30.735720781250002,104.327773875,30.637637875,0
3,104.20668403125,30.735720781250002,103.68092666666666,30.644258333333337,0
3,104.20668403125,30.735720781250002,104.1073157142857,30.944672857142855,0
3,104.20668403125,30.735720781250002,104.461646,30.857539600000003,0
3,104.20668403125,30.735720781250002,104.22959399999999,30.815998,0
3,104.20668403125,30.735720781250002,103.9334546,30.990269599999998,0
3,104.20668403125,30.735720781250002,103.80225399999999,30.661294000000005,0
4,103.92287377192982,30.75023894736842,104.07206172260082,30.672240335204563,57
4,103.92287377192982,30.75023894736842,103.9237705251509,30.591269382293763,0
4,103.92287377192982,30.75023894736842,104.25866720930233,30.88396520930232,0
4,103.92287377192982,30.75023894736842,104.2572095409836,30.562403475409837,0
4,103.92287377192982,30.75023894736842,104.30622614285714,30.60209007142857,0
4,103.92287377192982,30.75023894736842,103.85504021904762,30.689626469841276,0
4,103.92287377192982,30.75023894736842,103.99518476923079,30.48707561538462,0
4,103.92287377192982,30.75023894736842,103.88414,30.486520000000002,0
4,103.92287377192982,30.75023894736842,104.17112445000001,30.743695549999995,0
4,103.92287377192982,30.75023894736842,103.98198211214954,30.82188456074766,0
4,103.92287377192982,30.75023894736842,104.0119119047619,30.874704460317464,0
4,103.92287377192982,30.75023894736842,103.95123416666667,30.49310916666667,0
4,103.92287377192982,30.75023894736842,103.9098943,30.72089306666667,0
4,103.92287377192982,30.75023894736842,104.13582,30.48946,0
4,103.92287377192982,30.75023894736842,104.16834499999999,30.760274999999996,0
4,103.92287377192982,30.75023894736842,104.23110196551724,30.649298068965518,0
4,103.92287377192982,30.75023894736842,103.61329,30.99683,0
4,103.92287377192982,30.75023894736842,103.9236534117647,30.673446323529415,0
4,103.92287377192982,30.75023894736842,104.40076285714285,30.86340285714286,0
4,103.92287377192982,30.75023894736842,104.21791800000001,30.802466,0
4,103.92287377192982,30.75023894736842,104.23668295454549,30.782374772727266,0
4,103.92287377192982,30.75023894736842,104.29697363636365,30.684199999999997,0
4,103.92287377192982,30.75023894736842,104.02067249999999,30.839014833333334,0
4,103.92287377192982,30.75023894736842,103.98255375,30.511358750000003,0
4,103.92287377192982,30.75023894736842,104.15432199999998,30.847402,0
4,103.92287377192982,30.75023894736842,103.94843095000002,30.977993000000005,0
4,103.92287377192982,30.75023894736842,104.096902,30.896734,0
4,103.92287377192982,30.75023894736842,104.13560333333334,30.478386666666665,0
4,103.92287377192982,30.75023894736842,104.43639333333334,30.85260166666667,0
4,103.92287377192982,30.75023894736842,103.87531714285714,30.58457842857143,0
4,103.92287377192982,30.75023894736842,103.57272800000001,30.897280000000002,0
4,103.92287377192982,30.75023894736842,104.269135,30.725851111111112,0
4,103.92287377192982,30.75023894736842,104.20363857142857,30.876861428571427,0
4,103.92287377192982,30.75023894736842,104.26632926086955,30.64805417391305,0
4,103.92287377192982,30.75023894736842,103.85716500000002,30.777672384615382,0
4,103.92287377192982,30.75023894736842,103.63606428571428,30.983785714285716,0
4,103.92287377192982,30.75023894736842,103.99615333333333,30.520253333333333,0
4,103.92287377192982,30.75023894736842,104.20068999999998,30.593339000000004,0
4,103.92287377192982,30.75023894736842,103.9572088888889,30.990869999999997,0
4,103.92287377192982,30.75023894736842,104.21925016666667,30.707968500000003,0
4,103.92287377192982,30.75023894736842,104.327773875,30.637637875,0
4,103.92287377192982,30.75023894736842,103.68092666666666,30.644258333333337,0
4,103.92287377192982,30.75023894736842,104.1073157142857,30.944672857142855,0
4,103.92287377192982,30.75023894736842,104.461646,30.857539600000003,0
4,103.92287377192982,30.75023894736842,104.22959399999999,30.815998,0
4,103.92287377192982,30.75023894736842,103.9334546,30.990269599999998,0
4,103.92287377192982,30.75023894736842,103.80225399999999,30.661294000000005,0
5,104.2333222857143,30.786197809523802,104.07206172260082,30.672240335204563,21
5,104.2333222857143,30.786197809523802,103.9237705251509,30.591269382293763,0
5,104.2333222857143,30.786197809523802,104.25866720930233,30.88396520930232,0
5,104.2333222857143,30.786197809523802,104.2572095409836,30.562403475409837,0
5,104.2333222857143,30.786197809523802,104.30622614285714,30.60209007142857,0
5,104.2333222857143,30.786197809523802,103.85504021904762,30.689626469841276,0
5,104.2333222857143,30.786197809523802,103.99518476923079,30.48707561538462,0
5,104.2333222857143,30.786197809523802,103.88414,30.486520000000002,0
5,104.2333222857143,30.786197809523802,104.17112445000001,30.743695549999995,0
5,104.2333222857143,30.786197809523802,103.98198211214954,30.82188456074766,0
5,104.2333222857143,30.786197809523802,104.0119119047619,30.874704460317464,0
5,104.2333222857143,30.786197809523802,103.95123416666667,30.49310916666667,0
5,104.2333222857143,30.786197809523802,103.9098943,30.72089306666667,0
5,104.2333222857143,30.786197809523802,104.13582,30.48946,0
5,104.2333222857143,30.786197809523802,104.16834499999999,30.760274999999996,0
5,104.2333222857143,30.786197809523802,104.23110196551724,30.649298068965518,0
5,104.2333222857143,30.786197809523802,103.61329,30.99683,0
5,104.2333222857143,30.786197809523802,103.9236534117647,30.673446323529415,0
5,104.2333222857143,30.786197809523802,104.40076285714285,30.86340285714286,0
5,104.2333222857143,30.786197809523802,104.21791800000001,30.802466,0
5,104.2333222857143,30.786197809523802,104.23668295454549,30.782374772727266,0
5,104.2333222857143,30.786197809523802,104.29697363636365,30.684199999999997,0
5,104.2333222857143,30.786197809523802,104.02067249999999,30.839014833333334,0
5,104.2333222857143,30.786197809523802,103.98255375,30.511358750000003,0
5,104.2333222857143,30.786197809523802,104.15432199999998,30.847402,0
5,104.2333222857143,30.786197809523802,103.94843095000002,30.977993000000005,0
5,104.2333222857143,30.786197809523802,104.096902,30.896734,0
5,104.2333222857143,30.786197809523802,104.13560333333334,30.478386666666665,0
5,104.2333222857143,30.786197809523802,104.43639333333334,30.85260166666667,0
5,104.2333222857143,30.786197809523802,103.87531714285714,30.58457842857143,0
5,104.2333222857143,30.786197809523802,103.57272800000001,30.897280000000002,0
5,104.2333222857143,30.786197809523802,104.269135,30.725851111111112,0
5,104.2333222857143,30.786197809523802,104.20363857142857,30.876861428571427,0
5,104.2333222857143,30.786197809523802,104.26632926086955,30.64805417391305,0
5,104.2333222857143,30.786197809523802,103.85716500000002,30.777672384615382,0
5,104.2333222857143,30.786197809523802,103.63606428571428,30.983785714285716,0
5,104.2333222857143,30.786197809523802,103.99615333333333,30.520253333333333,0
5,104.2333222857143,30.786197809523802,104.20068999999998,30.593339000000004,0
5,104.2333222857143,30.786197809523802,103.9572088888889,30.990869999999997,0
5,104.2333222857143,30.786197809523802,104.21925016666667,30.707968500000003,0
5,104.2333222857143,30.786197809523802,104.327773875,30.637637875,0
5,104.2333222857143,30.786197809523802,103.68092666666666,30.644258333333337,0
5,104.2333222857143,30.786197809523802,104.1073157142857,30.944672857142855,0
5,104.2333222857143,30.786197809523802,104.461646,30.857539600000003,0
5,104.2333222857143,30.786197809523802,104.22959399999999,30.815998,0
5,104.2333222857143,30.786197809523802,103.9334546,30.990269599999998,0
5,104.2333222857143,30.786197809523802,103.80225399999999,30.661294000000005,0
6,104.26724042105262,30.5587449122807,104.07206172260082,30.672240335204563,56
6,104.26724042105262,30.5587449122807,103.9237705251509,30.591269382293763,0
6,104.26724042105262,30.5587449122807,104.25866720930233,30.88396520930232,0
6,104.26724042105262,30.5587449122807,104.2572095409836,30.562403475409837,1
6,104.26724042105262,30.5587449122807,104.30622614285714,30.60209007142857,0
6,104.26724042105262,30.5587449122807,103.85504021904762,30.689626469841276,0
6,104.26724042105262,30.5587449122807,103.99518476923079,30.48707561538462,0
6,104.26724042105262,30.5587449122807,103.88414,30.486520000000002,0
6,104.26724042105262,30.5587449122807,104.17112445000001,30.743695549999995,0
6,104.26724042105262,30.5587449122807,103.98198211214954,30.82188456074766,0
6,104.26724042105262,30.5587449122807,104.0119119047619,30.874704460317464,0
6,104.26724042105262,30.5587449122807,103.95123416666667,30.49310916666667,0
6,104.26724042105262,30.5587449122807,103.9098943,30.72089306666667,0
6,104.26724042105262,30.5587449122807,104.13582,30.48946,0
6,104.26724042105262,30.5587449122807,104.16834499999999,30.760274999999996,0
6,104.26724042105262,30.5587449122807,104.23110196551724,30.649298068965518,0
6,104.26724042105262,30.5587449122807,103.61329,30.99683,0
6,104.26724042105262,30.5587449122807,103.9236534117647,30.673446323529415,0
6,104.26724042105262,30.5587449122807,104.40076285714285,30.86340285714286,0
6,104.26724042105262,30.5587449122807,104.21791800000001,30.802466,0
6,104.26724042105262,30.5587449122807,104.23668295454549,30.782374772727266,0
6,104.26724042105262,30.5587449122807,104.29697363636365,30.684199999999997,0
6,104.26724042105262,30.5587449122807,104.02067249999999,30.839014833333334,0
6,104.26724042105262,30.5587449122807,103.98255375,30.511358750000003,0
6,104.26724042105262,30.5587449122807,104.15432199999998,30.847402,0
6,104.26724042105262,30.5587449122807,103.94843095000002,30.977993000000005,0
6,104.26724042105262,30.5587449122807,104.096902,30.896734,0
6,104.26724042105262,30.5587449122807,104.13560333333334,30.478386666666665,0
6,104.26724042105262,30.5587449122807,104.43639333333334,30.85260166666667,0
6,104.26724042105262,30.5587449122807,103.87531714285714,30.58457842857143,0
6,104.26724042105262,30.5587449122807,103.57272800000001,30.897280000000002,0
6,104.26724042105262,30.5587449122807,104.269135,30.725851111111112,0
6,104.26724042105262,30.5587449122807,104.20363857142857,30.876861428571427,0
6,104.26724042105262,30.5587449122807,104.26632926086955,30.64805417391305,0
6,104.26724042105262,30.5587449122807,103.85716500000002,30.777672384615382,0
6,104.26724042105262,30.5587449122807,103.63606428571428,30.983785714285716,0
6,104.26724042105262,30.5587449122807,103.99615333333333,30.520253333333333,0
6,104.26724042105262,30.5587449122807,104.20068999999998,30.593339000000004,0
6,104.26724042105262,30.5587449122807,103.9572088888889,30.990869999999997,0
6,104.26724042105262,30.5587449122807,104.21925016666667,30.707968500000003,0
6,104.26724042105262,30.5587449122807,104.327773875,30.637637875,0
6,104.26724042105262,30.5587449122807,103.68092666666666,30.644258333333337,0
6,104.26724042105262,30.5587449122807,104.1073157142857,30.944672857142855,0
6,104.26724042105262,30.5587449122807,104.461646,30.857539600000003,0
6,104.26724042105262,30.5587449122807,104.22959399999999,30.815998,0
6,104.26724042105262,30.5587449122807,103.9334546,30.990269599999998,0
6,104.26724042105262,30.5587449122807,103.80225399999999,30.661294000000005,0
7,104.23000355102039,30.650576204081634,104.07206172260082,30.672240335204563,49
7,104.23000355102039,30.650576204081634,103.9237705251509,30.591269382293763,0
7,104.23000355102039,30.650576204081634,104.25866720930233,30.88396520930232,0
7,104.23000355102039,30.650576204081634,104.2572095409836,30.562403475409837,0
7,104.23000355102039,30.650576204081634,104.30622614285714,30.60209007142857,0
7,104.23000355102039,30.650576204081634,103.85504021904762,30.689626469841276,0
7,104.23000355102039,30.650576204081634,103.99518476923079,30.48707561538462,0
7,104.23000355102039,30.650576204081634,103.88414,30.486520000000002,0
7,104.23000355102039,30.650576204081634,104.17112445000001,30.743695549999995,0
7,104.23000355102039,30.650576204081634,103.98198211214954,30.82188456074766,0
7,104.23000355102039,30.650576204081634,104.0119119047619,30.874704460317464,0
7,104.23000355102039,30.650576204081634,103.95123416666667,30.49310916666667,0
7,104.23000355102039,30.650576204081634,103.9098943,30.72089306666667,0
7,104.23000355102039,30.650576204081634,104.13582,30.48946,0
7,104.23000355102039,30.650576204081634,104.16834499999999,30.760274999999996,0
7,104.23000355102039,30.650576204081634,104.23110196551724,30.649298068965518,0
7,104.23000355102039,30.650576204081634,103.61329,30.99683,0
7,104.23000355102039,30.650576204081634,103.9236534117647,30.673446323529415,0
7,104.23000355102039,30.650576204081634,104.40076285714285,30.86340285714286,0
7,104.23000355102039,30.650576204081634,104.21791800000001,30.802466,0
7,104.23000355102039,30.650576204081634,104.23668295454549,30.782374772727266,0
7,104.23000355102039,30.650576204081634,104.29697363636365,30.684199999999997,0
7,104.23000355102039,30.650576204081634,104.02067249999999,30.839014833333334,0
7,104.23000355102039,30.650576204081634,103.98255375,30.511358750000003,0
7,104.23000355102039,30.650576204081634,104.15432199999998,30.847402,0
7,104.23000355102039,30.650576204081634,103.94843095000002,30.977993000000005,0
7,104.23000355102039,30.650576204081634,104.096902,30.896734,0
7,104.23000355102039,30.650576204081634,104.13560333333334,30.478386666666665,0
7,104.23000355102039,30.650576204081634,104.43639333333334,30.85260166666667,0
7,104.23000355102039,30.650576204081634,103.87531714285714,30.58457842857143,0
7,104.23000355102039,30.650576204081634,103.57272800000001,30.897280000000002,0
7,104.23000355102039,30.650576204081634,104.269135,30.725851111111112,0
7,104.23000355102039,30.650576204081634,104.20363857142857,30.876861428571427,0
7,104.23000355102039,30.650576204081634,104.26632926086955,30.64805417391305,0
7,104.23000355102039,30.650576204081634,103.85716500000002,30.777672384615382,0
7,104.23000355102039,30.650576204081634,103.63606428571428,30.983785714285716,0
7,104.23000355102039,30.650576204081634,103.99615333333333,30.520253333333333,0
7,104.23000355102039,30.650576204081634,104.20068999999998,30.593339000000004,0
7,104.23000355102039,30.650576204081634,103.9572088888889,30.990869999999997,0
7,104.23000355102039,30.650576204081634,104.21925016666667,30.707968500000003,0
7,104.23000355102039,30.650576204081634,104.327773875,30.637637875,0
7,104.23000355102039,30.650576204081634,103.68092666666666,30.644258333333337,0
7,104.23000355102039,30.650576204081634,104.1073157142857,30.944672857142855,0
7,104.23000355102039,30.650576204081634,104.461646,30.857539600000003,0
7,104.23000355102039,30.650576204081634,104.22959399999999,30.815998,0
7,104.23000355102039,30.650576204081634,103.9334546,30.990269599999998,0
7,104.23000355102039,30.650576204081634,103.80225399999999,30.661294000000005,0
8,103.9925056,30.485110399999996,104.07206172260082,30.672240335204563,10
8,103.9925056,30.485110399999996,103.9237705251509,30.591269382293763,0
8,103.9925056,30.485110399999996,104.25866720930233,30.88396520930232,0
8,103.9925056,30.485110399999996,104.2572095409836,30.562403475409837,0
8,103.9925056,30.485110399999996,104.30622614285714,30.60209007142857,0
8,103.9925056,30.485110399999996,103.85504021904762,30.689626469841276,0
8,103.9925056,30.485110399999996,103.99518476923079,30.48707561538462,0
8,103.9925056,30.485110399999996,103.88414,30.486520000000002,0
8,103.9925056,30.485110399999996,104.17112445000001,30.743695549999995,0
8,103.9925056,30.485110399999996,103.98198211214954,30.82188456074766,0
8,103.9925056,30.485110399999996,104.0119119047619,30.874704460317464,0
8,103.9925056,30.485110399999996,103.95123416666667,30.49310916666667,0
8,103.9925056,30.485110399999996,103.9098943,30.72089306666667,0
8,103.9925056,30.485110399999996,104.13582,30.48946,0
8,103.9925056,30.485110399999996,104.16834499999999,30.760274999999996,0
8,103.9925056,30.485110399999996,104.23110196551724,30.649298068965518,0
8,103.9925056,30.485110399999996,103.61329,30.99683,0
8,103.9925056,30.485110399999996,103.9236534117647,30.673446323529415,0
8,103.9925056,30.485110399999996,104.40076285714285,30.86340285714286,0
8,103.9925056,30.485110399999996,104.21791800000001,30.802466,0
8,103.9925056,30.485110399999996,104.23668295454549,30.782374772727266,0
8,103.9925056,30.485110399999996,104.29697363636365,30.684199999999997,0
8,103.9925056,30.485110399999996,104.02067249999999,30.839014833333334,0
8,103.9925056,30.485110399999996,103.98255375,30.511358750000003,0
8,103.9925056,30.485110399999996,104.15432199999998,30.847402,0
8,103.9925056,30.485110399999996,103.94843095000002,30.977993000000005,0
8,103.9925056,30.485110399999996,104.096902,30.896734,0
8,103.9925056,30.485110399999996,104.13560333333334,30.478386666666665,0
8,103.9925056,30.485110399999996,104.43639333333334,30.85260166666667,0
8,103.9925056,30.485110399999996,103.87531714285714,30.58457842857143,0
8,103.9925056,30.485110399999996,103.57272800000001,30.897280000000002,0
8,103.9925056,30.485110399999996,104.269135,30.725851111111112,0
8,103.9925056,30.485110399999996,104.20363857142857,30.876861428571427,0
8,103.9925056,30.485110399999996,104.26632926086955,30.64805417391305,0
8,103.9925056,30.485110399999996,103.85716500000002,30.777672384615382,0
8,103.9925056,30.485110399999996,103.63606428571428,30.983785714285716,0
8,103.9925056,30.485110399999996,103.99615333333333,30.520253333333333,0
8,103.9925056,30.485110399999996,104.20068999999998,30.593339000000004,0
8,103.9925056,30.485110399999996,103.9572088888889,30.990869999999997,0
8,103.9925056,30.485110399999996,104.21925016666667,30.707968500000003,0
8,103.9925056,30.485110399999996,104.327773875,30.637637875,0
8,103.9925056,30.485110399999996,103.68092666666666,30.644258333333337,0
8,103.9925056,30.485110399999996,104.1073157142857,30.944672857142855,0
8,103.9925056,30.485110399999996,104.461646,30.857539600000003,0
8,103.9925056,30.485110399999996,104.22959399999999,30.815998,0
8,103.9925056,30.485110399999996,103.9334546,30.990269599999998,0
8,103.9925056,30.485110399999996,103.80225399999999,30.661294000000005,0
9,103.93301305555555,30.6707245,104.07206172260082,30.672240335204563,36
9,103.93301305555555,30.6707245,103.9237705251509,30.591269382293763,0
9,103.93301305555555,30.6707245,104.25866720930233,30.88396520930232,0
9,103.93301305555555,30.6707245,104.2572095409836,30.562403475409837,0
9,103.93301305555555,30.6707245,104.30622614285714,30.60209007142857,0
9,103.93301305555555,30.6707245,103.85504021904762,30.689626469841276,0
9,103.93301305555555,30.6707245,103.99518476923079,30.48707561538462,0
9,103.93301305555555,30.6707245,103.88414,30.486520000000002,0
9,103.93301305555555,30.6707245,104.17112445000001,30.743695549999995,0
9,103.93301305555555,30.6707245,103.98198211214954,30.82188456074766,0
9,103.93301305555555,30.6707245,104.0119119047619,30.874704460317464,0
9,103.93301305555555,30.6707245,103.95123416666667,30.49310916666667,0
9,103.93301305555555,30.6707245,103.9098943,30.72089306666667,0
9,103.93301305555555,30.6707245,104.13582,30.48946,0
9,103.93301305555555,30.6707245,104.16834499999999,30.760274999999996,0
9,103.93301305555555,30.6707245,104.23110196551724,30.649298068965518,0
9,103.93301305555555,30.6707245,103.61329,30.99683,0
9,103.93301305555555,30.6707245,103.9236534117647,30.673446323529415,0
9,103.93301305555555,30.6707245,104.40076285714285,30.86340285714286,0
9,103.93301305555555,30.6707245,104.21791800000001,30.802466,0
9,103.93301305555555,30.6707245,104.23668295454549,30.782374772727266,0
9,103.93301305555555,30.6707245,104.29697363636365,30.684199999999997,0
9,103.93301305555555,30.6707245,104.02067249999999,30.839014833333334,0
9,103.93301305555555,30.6707245,103.98255375,30.511358750000003,0
9,103.93301305555555,30.6707245,104.15432199999998,30.847402,0
9,103.93301305555555,30.6707245,103.94843095000002,30.977993000000005,0
9,103.93301305555555,30.6707245,104.096902,30.896734,0
9,103.93301305555555,30.6707245,104.13560333333334,30.478386666666665,0
9,103.93301305555555,30.6707245,104.43639333333334,30.85260166666667,0
9,103.93301305555555,30.6707245,103.87531714285714,30.58457842857143,0
9,103.93301305555555,30.6707245,103.57272800000001,30.897280000000002,0
9,103.93301305555555,30.6707245,104.269135,30.725851111111112,0
9,103.93301305555555,30.6707245,104.20363857142857,30.876861428571427,0
9,103.93301305555555,30.6707245,104.26632926086955,30.64805417391305,0
9,103.93301305555555,30.6707245,103.85716500000002,30.777672384615382,0
9,103.93301305555555,30.6707245,103.63606428571428,30.983785714285716,0
9,103.93301305555555,30.6707245,103.99615333333333,30.520253333333333,0
9,103.93301305555555,30.6707245,104.20068999999998,30.593339000000004,0
9,103.93301305555555,30.6707245,103.9572088888889,30.990869999999997,0
9,103.93301305555555,30.6707245,104.21925016666667,30.707968500000003,0
9,103.93301305555555,30.6707245,104.327773875,30.637637875,0
9,103.93301305555555,30.6707245,103.68092666666666,30.644258333333337,0
9,103.93301305555555,30.6707245,104.1073157142857,30.944672857142855,0
9,103.93301305555555,30.6707245,104.461646,30.857539600000003,0
9,103.93301305555555,30.6707245,104.22959399999999,30.815998,0
9,103.93301305555555,30.6707245,103.9334546,30.990269599999998,0
9,103.93301305555555,30.6707245,103.80225399999999,30.661294000000005,0
10,104.27054129411765,30.725378882352942,104.07206172260082,30.672240335204563,17
10,104.27054129411765,30.725378882352942,103.9237705251509,30.591269382293763,0
10,104.27054129411765,30.725378882352942,104.25866720930233,30.88396520930232,0
10,104.27054129411765,30.725378882352942,104.2572095409836,30.562403475409837,0
10,104.27054129411765,30.725378882352942,104.30622614285714,30.60209007142857,0
10,104.27054129411765,30.725378882352942,103.85504021904762,30.689626469841276,0
10,104.27054129411765,30.725378882352942,103.99518476923079,30.48707561538462,0
10,104.27054129411765,30.725378882352942,103.88414,30.486520000000002,0
10,104.27054129411765,30.725378882352942,104.17112445000001,30.743695549999995,0
10,104.27054129411765,30.725378882352942,103.98198211214954,30.82188456074766,0
10,104.27054129411765,30.725378882352942,104.0119119047619,30.874704460317464,0
10,104.27054129411765,30.725378882352942,103.95123416666667,30.49310916666667,0
10,104.27054129411765,30.725378882352942,103.9098943,30.72089306666667,0
10,104.27054129411765,30.725378882352942,104.13582,30.48946,0
10,104.27054129411765,30.725378882352942,104.16834499999999,30.760274999999996,0
10,104.27054129411765,30.725378882352942,104.23110196551724,30.649298068965518,0
10,104.27054129411765,30.725378882352942,103.61329,30.99683,0
10,104.27054129411765,30.725378882352942,103.9236534117647,30.673446323529415,0
10,104.27054129411765,30.725378882352942,104.40076285714285,30.86340285714286,0
10,104.27054129411765,30.725378882352942,104.21791800000001,30.802466,0
10,104.27054129411765,30.725378882352942,104.23668295454549,30.782374772727266,0
10,104.27054129411765,30.725378882352942,104.29697363636365,30.684199999999997,0
10,104.27054129411765,30.725378882352942,104.02067249999999,30.839014833333334,0
10,104.27054129411765,30.725378882352942,103.98255375,30.511358750000003,0
10,104.27054129411765,30.725378882352942,104.15432199999998,30.847402,0
10,104.27054129411765,30.725378882352942,103.94843095000002,30.977993000000005,0
10,104.27054129411765,30.725378882352942,104.096902,30.896734,0
10,104.27054129411765,30.725378882352942,104.13560333333334,30.478386666666665,0
10,104.27054129411765,30.725378882352942,104.43639333333334,30.85260166666667,0
10,104.27054129411765,30.725378882352942,103.87531714285714,30.58457842857143,0
10,104.27054129411765,30.725378882352942,103.57272800000001,30.897280000000002,0
10,104.27054129411765,30.725378882352942,104.269135,30.725851111111112,0
10,104.27054129411765,30.725378882352942,104.20363857142857,30.876861428571427,0
10,104.27054129411765,30.725378882352942,104.26632926086955,30.64805417391305,0
10,104.27054129411765,30.725378882352942,103.85716500000002,30.777672384615382,0
10,104.27054129411765,30.725378882352942,103.63606428571428,30.983785714285716,0
10,104.27054129411765,30.725378882352942,103.99615333333333,30.520253333333333,0
10,104.27054129411765,30.725378882352942,104.20068999999998,30.593339000000004,0
10,104.27054129411765,30.725378882352942,103.9572088888889,30.990869999999997,0
10,104.27054129411765,30.725378882352942,104.21925016666667,30.707968500000003,0
10,104.27054129411765,30.725378882352942,104.327773875,30.637637875,0
10,104.27054129411765,30.725378882352942,103.68092666666666,30.644258333333337,0
10,104.27054129411765,30.725378882352942,104.1073157142857,30.944672857142855,0
10,104.27054129411765,30.725378882352942,104.461646,30.857539600000003,0
10,104.27054129411765,30.725378882352942,104.22959399999999,30.815998,0
10,104.27054129411765,30.725378882352942,103.9334546,30.990269599999998,0
10,104.27054129411765,30.725378882352942,103.80225399999999,30.661294000000005,0
11,104.09742992857143,30.483068499999998,104.07206172260082,30.672240335204563,14
11,104.09742992857143,30.483068499999998,103.9237705251509,30.591269382293763,0
11,104.09742992857143,30.483068499999998,104.25866720930233,30.88396520930232,0
11,104.09742992857143,30.483068499999998,104.2572095409836,30.562403475409837,0
11,104.09742992857143,30.483068499999998,104.30622614285714,30.60209007142857,0
11,104.09742992857143,30.483068499999998,103.85504021904762,30.689626469841276,0
11,104.09742992857143,30.483068499999998,103.99518476923079,30.48707561538462,0
11,104.09742992857143,30.483068499999998,103.88414,30.486520000000002,0
11,104.09742992857143,30.483068499999998,104.17112445000001,30.743695549999995,0
11,104.09742992857143,30.483068499999998,103.98198211214954,30.82188456074766,0
11,104.09742992857143,30.483068499999998,104.0119119047619,30.874704460317464,0
11,104.09742992857143,30.483068499999998,103.95123416666667,30.49310916666667,0
11,104.09742992857143,30.483068499999998,103.9098943,30.72089306666667,0
11,104.09742992857143,30.483068499999998,104.13582,30.48946,0
11,104.09742992857143,30.483068499999998,104.16834499999999,30.760274999999996,0
11,104.09742992857143,30.483068499999998,104.23110196551724,30.649298068965518,0
11,104.09742992857143,30.483068499999998,103.61329,30.99683,0
11,104.09742992857143,30.483068499999998,103.9236534117647,30.673446323529415,0
11,104.09742992857143,30.483068499999998,104.40076285714285,30.86340285714286,0
11,104.09742992857143,30.483068499999998,104.21791800000001,30.802466,0
11,104.09742992857143,30.483068499999998,104.23668295454549,30.782374772727266,0
11,104.09742992857143,30.483068499999998,104.29697363636365,30.684199999999997,0
11,104.09742992857143,30.483068499999998,104.02067249999999,30.839014833333334,0
11,104.09742992857143,30.483068499999998,103.98255375,30.511358750000003,0
11,104.09742992857143,30.483068499999998,104.15432199999998,30.847402,0
11,104.09742992857143,30.483068499999998,103.94843095000002,30.977993000000005,0
11,104.09742992857143,30.483068499999998,104.096902,30.896734,0
11,104.09742992857143,30.483068499999998,104.13560333333334,30.478386666666665,0
11,104.09742992857143,30.483068499999998,104.43639333333334,30.85260166666667,0
11,104.09742992857143,30.483068499999998,103.87531714285714,30.58457842857143,0
11,104.09742992857143,30.483068499999998,103.57272800000001,30.897280000000002,0
11,104.09742992857143,30.483068499999998,104.269135,30.725851111111112,0
11,104.09742992857143,30.483068499999998,104.20363857142857,30.876861428571427,0
11,104.09742992857143,30.483068499999998,104.26632926086955,30.64805417391305,0
11,104.09742992857143,30.483068499999998,103.85716500000002,30.777672384615382,0
11,104.09742992857143,30.483068499999998,103.63606428571428,30.983785714285716,0
11,104.09742992857143,30.483068499999998,103.99615333333333,30.520253333333333,0
11,104.09742992857143,30.483068499999998,104.20068999999998,30.593339000000004,0
11,104.09742992857143,30.483068499999998,103.9572088888889,30.990869999999997,0
11,104.09742992857143,30.483068499999998,104.21925016666667,30.707968500000003,0
11,104.09742992857143,30.483068499999998,104.327773875,30.637637875,0
11,104.09742992857143,30.483068499999998,103.68092666666666,30.644258333333337,0
11,104.09742992857143,30.483068499999998,104.1073157142857,30.944672857142855,0
11,104.09742992857143,30.483068499999998,104.461646,30.857539600000003,0
11,104.09742992857143,30.483068499999998,104.22959399999999,30.815998,0
11,104.09742992857143,30.483068499999998,103.9334546,30.990269599999998,0
11,104.09742992857143,30.483068499999998,103.80225399999999,30.661294000000005,0
12,104.2585080909091,30.886277181818183,104.07206172260082,30.672240335204563,11
12,104.2585080909091,30.886277181818183,103.9237705251509,30.591269382293763,0
12,104.2585080909091,30.886277181818183,104.25866720930233,30.88396520930232,0
12,104.2585080909091,30.886277181818183,104.2572095409836,30.562403475409837,0
12,104.2585080909091,30.886277181818183,104.30622614285714,30.60209007142857,0
12,104.2585080909091,30.886277181818183,103.85504021904762,30.689626469841276,0
12,104.2585080909091,30.886277181818183,103.99518476923079,30.48707561538462,0
12,104.2585080909091,30.886277181818183,103.88414,30.486520000000002,0
12,104.2585080909091,30.886277181818183,104.17112445000001,30.743695549999995,0
12,104.2585080909091,30.886277181818183,103.98198211214954,30.82188456074766,0
12,104.2585080909091,30.886277181818183,104.0119119047619,30.874704460317464,0
12,104.2585080909091,30.886277181818183,103.95123416666667,30.49310916666667,0
12,104.2585080909091,30.886277181818183,103.9098943,30.72089306666667,0
12,104.2585080909091,30.886277181818183,104.13582,30.48946,0
12,104.2585080909091,30.886277181818183,104.16834499999999,30.760274999999996,0
12,104.2585080909091,30.886277181818183,104.23110196551724,30.649298068965518,0
12,104.2585080909091,30.886277181818183,103.61329,30.99683,0
12,104.2585080909091,30.886277181818183,103.9236534117647,30.673446323529415,0
12,104.2585080909091,30.886277181818183,104.40076285714285,30.86340285714286,0
12,104.2585080909091,30.886277181818183,104.21791800000001,30.802466,0
12,104.2585080909091,30.886277181818183,104.23668295454549,30.782374772727266,0
12,104.2585080909091,30.886277181818183,104.29697363636365,30.684199999999997,0
12,104.2585080909091,30.886277181818183,104.02067249999999,30.839014833333334,0
12,104.2585080909091,30.886277181818183,103.98255375,30.511358750000003,0
12,104.2585080909091,30.886277181818183,104.15432199999998,30.847402,0
12,104.2585080909091,30.886277181818183,103.94843095000002,30.977993000000005,0
12,104.2585080909091,30.886277181818183,104.096902,30.896734,0
12,104.2585080909091,30.886277181818183,104.13560333333334,30.478386666666665,0
12,104.2585080909091,30.886277181818183,104.43639333333334,30.85260166666667,0
12,104.2585080909091,30.886277181818183,103.87531714285714,30.58457842857143,0
12,104.2585080909091,30.886277181818183,103.57272800000001,30.897280000000002,0
12,104.2585080909091,30.886277181818183,104.269135,30.725851111111112,0
12,104.2585080909091,30.886277181818183,104.20363857142857,30.876861428571427,0
12,104.2585080909091,30.886277181818183,104.26632926086955,30.64805417391305,0
12,104.2585080909091,30.886277181818183,103.85716500000002,30.777672384615382,0
12,104.2585080909091,30.886277181818183,103.63606428571428,30.983785714285716,0
12,104.2585080909091,30.886277181818183,103.99615333333333,30.520253333333333,0
12,104.2585080909091,30.886277181818183,104.20068999999998,30.593339000000004,0
12,104.2585080909091,30.886277181818183,103.9572088888889,30.990869999999997,0
12,104.2585080909091,30.886277181818183,104.21925016666667,30.707968500000003,0
12,104.2585080909091,30.886277181818183,104.327773875,30.637637875,0
12,104.2585080909091,30.886277181818183,103.68092666666666,30.644258333333337,0
12,104.2585080909091,30.886277181818183,104.1073157142857,30.944672857142855,0
12,104.2585080909091,30.886277181818183,104.461646,30.857539600000003,0
12,104.2585080909091,30.886277181818183,104.22959399999999,30.815998,0
12,104.2585080909091,30.886277181818183,103.9334546,30.990269599999998,0
12,104.2585080909091,30.886277181818183,103.80225399999999,30.661294000000005,0
13,104.22119672727273,30.832252090909094,104.07206172260082,30.672240335204563,11
13,104.22119672727273,30.832252090909094,103.9237705251509,30.591269382293763,0
13,104.22119672727273,30.832252090909094,104.25866720930233,30.88396520930232,0
13,104.22119672727273,30.832252090909094,104.2572095409836,30.562403475409837,0
13,104.22119672727273,30.832252090909094,104.30622614285714,30.60209007142857,0
13,104.22119672727273,30.832252090909094,103.85504021904762,30.689626469841276,0
13,104.22119672727273,30.832252090909094,103.99518476923079,30.48707561538462,0
13,104.22119672727273,30.832252090909094,103.88414,30.486520000000002,0
13,104.22119672727273,30.832252090909094,104.17112445000001,30.743695549999995,0
13,104.22119672727273,30.832252090909094,103.98198211214954,30.82188456074766,0
13,104.22119672727273,30.832252090909094,104.0119119047619,30.874704460317464,0
13,104.22119672727273,30.832252090909094,103.95123416666667,30.49310916666667,0
13,104.22119672727273,30.832252090909094,103.9098943,30.72089306666667,0
13,104.22119672727273,30.832252090909094,104.13582,30.48946,0
13,104.22119672727273,30.832252090909094,104.16834499999999,30.760274999999996,0
13,104.22119672727273,30.832252090909094,104.23110196551724,30.649298068965518,0
13,104.22119672727273,30.832252090909094,103.61329,30.99683,0
13,104.22119672727273,30.832252090909094,103.9236534117647,30.673446323529415,0
13,104.22119672727273,30.832252090909094,104.40076285714285,30.86340285714286,0
13,104.22119672727273,30.832252090909094,104.21791800000001,30.802466,0
13,104.22119672727273,30.832252090909094,104.23668295454549,30.782374772727266,0
13,104.22119672727273,30.832252090909094,104.29697363636365,30.684199999999997,0
13,104.22119672727273,30.832252090909094,104.02067249999999,30.839014833333334,0
13,104.22119672727273,30.832252090909094,103.98255375,30.511358750000003,0
13,104.22119672727273,30.832252090909094,104.15432199999998,30.847402,0
13,104.22119672727273,30.832252090909094,103.94843095000002,30.977993000000005,0
13,104.22119672727273,30.832252090909094,104.096902,30.896734,0
13,104.22119672727273,30.832252090909094,104.13560333333334,30.478386666666665,0
13,104.22119672727273,30.832252090909094,104.43639333333334,30.85260166666667,0
13,104.22119672727273,30.832252090909094,103.87531714285714,30.58457842857143,0
13,104.22119672727273,30.832252090909094,103.57272800000001,30.897280000000002,0
13,104.22119672727273,30.832252090909094,104.269135,30.725851111111112,0
13,104.22119672727273,30.832252090909094,104.20363857142857,30.876861428571427,0
13,104.22119672727273,30.832252090909094,104.26632926086955,30.64805417391305,0
13,104.22119672727273,30.832252090909094,103.85716500000002,30.777672384615382,0
13,104.22119672727273,30.832252090909094,103.63606428571428,30.983785714285716,0
13,104.22119672727273,30.832252090909094,103.99615333333333,30.520253333333333,0
13,104.22119672727273,30.832252090909094,104.20068999999998,30.593339000000004,0
13,104.22119672727273,30.832252090909094,103.9572088888889,30.990869999999997,0
13,104.22119672727273,30.832252090909094,104.21925016666667,30.707968500000003,0
13,104.22119672727273,30.832252090909094,104.327773875,30.637637875,0
13,104.22119672727273,30.832252090909094,103.68092666666666,30.644258333333337,0
13,104.22119672727273,30.832252090909094,104.1073157142857,30.944672857142855,0
13,104.22119672727273,30.832252090909094,104.461646,30.857539600000003,0
13,104.22119672727273,30.832252090909094,104.22959399999999,30.815998,0
13,104.22119672727273,30.832252090909094,103.9334546,30.990269599999998,0
13,104.22119672727273,30.832252090909094,103.80225399999999,30.661294000000005,0
14,104.2153375,30.80416575,104.07206172260082,30.672240335204563,8
14,104.2153375,30.80416575,103.9237705251509,30.591269382293763,0
14,104.2153375,30.80416575,104.25866720930233,30.88396520930232,0
14,104.2153375,30.80416575,104.2572095409836,30.562403475409837,0
14,104.2153375,30.80416575,104.30622614285714,30.60209007142857,0
14,104.2153375,30.80416575,103.85504021904762,30.689626469841276,0
14,104.2153375,30.80416575,103.99518476923079,30.48707561538462,0
14,104.2153375,30.80416575,103.88414,30.486520000000002,0
14,104.2153375,30.80416575,104.17112445000001,30.743695549999995,0
14,104.2153375,30.80416575,103.98198211214954,30.82188456074766,0
14,104.2153375,30.80416575,104.0119119047619,30.874704460317464,0
14,104.2153375,30.80416575,103.95123416666667,30.49310916666667,0
14,104.2153375,30.80416575,103.9098943,30.72089306666667,0
14,104.2153375,30.80416575,104.13582,30.48946,0
14,104.2153375,30.80416575,104.16834499999999,30.760274999999996,0
14,104.2153375,30.80416575,104.23110196551724,30.649298068965518,0
14,104.2153375,30.80416575,103.61329,30.99683,0
14,104.2153375,30.80416575,103.9236534117647,30.673446323529415,0
14,104.2153375,30.80416575,104.40076285714285,30.86340285714286,0
14,104.2153375,30.80416575,104.21791800000001,30.802466,0
14,104.2153375,30.80416575,104.23668295454549,30.782374772727266,0
14,104.2153375,30.80416575,104.29697363636365,30.684199999999997,0
14,104.2153375,30.80416575,104.02067249999999,30.839014833333334,0
14,104.2153375,30.80416575,103.98255375,30.511358750000003,0
14,104.2153375,30.80416575,104.15432199999998,30.847402,0
14,104.2153375,30.80416575,103.94843095000002,30.977993000000005,0
14,104.2153375,30.80416575,104.096902,30.896734,0
14,104.2153375,30.80416575,104.13560333333334,30.478386666666665,0
14,104.2153375,30.80416575,104.43639333333334,30.85260166666667,0
14,104.2153375,30.80416575,103.87531714285714,30.58457842857143,0
14,104.2153375,30.80416575,103.57272800000001,30.897280000000002,0
14,104.2153375,30.80416575,104.269135,30.725851111111112,0
14,104.2153375,30.80416575,104.20363857142857,30.876861428571427,0
14,104.2153375,30.80416575,104.26632926086955,30.64805417391305,0
14,104.2153375,30.80416575,103.85716500000002,30.777672384615382,0
14,104.2153375,30.80416575,103.63606428571428,30.983785714285716,0
14,104.2153375,30.80416575,103.99615333333333,30.520253333333333,0
14,104.2153375,30.80416575,104.20068999999998,30.593339000000004,0
14,104.2153375,30.80416575,103.9572088888889,30.990869999999997,0
14,104.2153375,30.80416575,104.21925016666667,30.707968500000003,0
14,104.2153375,30.80416575,104.327773875,30.637637875,0
14,104.2153375,30.80416575,103.68092666666666,30.644258333333337,0
14,104.2153375,30.80416575,104.1073157142857,30.944672857142855,0
14,104.2153375,30.80416575,104.461646,30.857539600000003,0
14,104.2153375,30.80416575,104.22959399999999,30.815998,0
14,104.2153375,30.80416575,103.9334546,30.990269599999998,0
14,104.2153375,30.80416575,103.80225399999999,30.661294000000005,0
15,104.26649816,30.648187999999994,104.07206172260082,30.672240335204563,25
15,104.26649816,30.648187999999994,103.9237705251509,30.591269382293763,0
15,104.26649816,30.648187999999994,104.25866720930233,30.88396520930232,0
15,104.26649816,30.648187999999994,104.2572095409836,30.562403475409837,0
15,104.26649816,30.648187999999994,104.30622614285714,30.60209007142857,0
15,104.26649816,30.648187999999994,103.85504021904762,30.689626469841276,0
15,104.26649816,30.648187999999994,103.99518476923079,30.48707561538462,0
15,104.26649816,30.648187999999994,103.88414,30.486520000000002,0
15,104.26649816,30.648187999999994,104.17112445000001,30.743695549999995,0
15,104.26649816,30.648187999999994,103.98198211214954,30.82188456074766,0
15,104.26649816,30.648187999999994,104.0119119047619,30.874704460317464,0
15,104.26649816,30.648187999999994,103.95123416666667,30.49310916666667,0
15,104.26649816,30.648187999999994,103.9098943,30.72089306666667,0
15,104.26649816,30.648187999999994,104.13582,30.48946,0
15,104.26649816,30.648187999999994,104.16834499999999,30.760274999999996,0
15,104.26649816,30.648187999999994,104.23110196551724,30.649298068965518,0
15,104.26649816,30.648187999999994,103.61329,30.99683,0
15,104.26649816,30.648187999999994,103.9236534117647,30.673446323529415,0
15,104.26649816,30.648187999999994,104.40076285714285,30.86340285714286,0
15,104.26649816,30.648187999999994,104.21791800000001,30.802466,0
15,104.26649816,30.648187999999994,104.23668295454549,30.782374772727266,0
15,104.26649816,30.648187999999994,104.29697363636365,30.684199999999997,0
15,104.26649816,30.648187999999994,104.02067249999999,30.839014833333334,0
15,104.26649816,30.648187999999994,103.98255375,30.511358750000003,0
15,104.26649816,30.648187999999994,104.15432199999998,30.847402,0
15,104.26649816,30.648187999999994,103.94843095000002,30.977993000000005,0
15,104.26649816,30.648187999999994,104.096902,30.896734,0
15,104.26649816,30.648187999999994,104.13560333333334,30.478386666666665,0
15,104.26649816,30.648187999999994,104.43639333333334,30.85260166666667,0
15,104.26649816,30.648187999999994,103.87531714285714,30.58457842857143,0
15,104.26649816,30.648187999999994,103.57272800000001,30.897280000000002,0
15,104.26649816,30.648187999999994,104.269135,30.725851111111112,0
15,104.26649816,30.648187999999994,104.20363857142857,30.876861428571427,0
15,104.26649816,30.648187999999994,104.26632926086955,30.64805417391305,0
15,104.26649816,30.648187999999994,103.85716500000002,30.777672384615382,0
15,104.26649816,30.648187999999994,103.63606428571428,30.983785714285716,0
15,104.26649816,30.648187999999994,103.99615333333333,30.520253333333333,0
15,104.26649816,30.648187999999994,104.20068999999998,30.593339000000004,0
15,104.26649816,30.648187999999994,103.9572088888889,30.990869999999997,0
15,104.26649816,30.648187999999994,104.21925016666667,30.707968500000003,0
15,104.26649816,30.648187999999994,104.327773875,30.637637875,0
15,104.26649816,30.648187999999994,103.68092666666666,30.644258333333337,0
15,104.26649816,30.648187999999994,104.1073157142857,30.944672857142855,0
15,104.26649816,30.648187999999994,104.461646,30.857539600000003,0
15,104.26649816,30.648187999999994,104.22959399999999,30.815998,0
15,104.26649816,30.648187999999994,103.9334546,30.990269599999998,0
15,104.26649816,30.648187999999994,103.80225399999999,30.661294000000005,0
16,103.98758566666667,30.842202666666665,104.07206172260082,30.672240335204563,6
16,103.98758566666667,30.842202666666665,103.9237705251509,30.591269382293763,0
16,103.98758566666667,30.842202666666665,104.25866720930233,30.88396520930232,0
16,103.98758566666667,30.842202666666665,104.2572095409836,30.562403475409837,0
16,103.98758566666667,30.842202666666665,104.30622614285714,30.60209007142857,0
16,103.98758566666667,30.842202666666665,103.85504021904762,30.689626469841276,0
16,103.98758566666667,30.842202666666665,103.99518476923079,30.48707561538462,0
16,103.98758566666667,30.842202666666665,103.88414,30.486520000000002,0
16,103.98758566666667,30.842202666666665,104.17112445000001,30.743695549999995,0
16,103.98758566666667,30.842202666666665,103.98198211214954,30.82188456074766,0
16,103.98758566666667,30.842202666666665,104.0119119047619,30.874704460317464,0
16,103.98758566666667,30.842202666666665,103.95123416666667,30.49310916666667,0
16,103.98758566666667,30.842202666666665,103.9098943,30.72089306666667,0
16,103.98758566666667,30.842202666666665,104.13582,30.48946,0
16,103.98758566666667,30.842202666666665,104.16834499999999,30.760274999999996,0
16,103.98758566666667,30.842202666666665,104.23110196551724,30.649298068965518,0
16,103.98758566666667,30.842202666666665,103.61329,30.99683,0
16,103.98758566666667,30.842202666666665,103.9236534117647,30.673446323529415,0
16,103.98758566666667,30.842202666666665,104.40076285714285,30.86340285714286,0
16,103.98758566666667,30.842202666666665,104.21791800000001,30.802466,0
16,103.98758566666667,30.842202666666665,104.23668295454549,30.782374772727266,0
16,103.98758566666667,30.842202666666665,104.29697363636365,30.684199999999997,0
16,103.98758566666667,30.842202666666665,104.02067249999999,30.839014833333334,0
16,103.98758566666667,30.842202666666665,103.98255375,30.511358750000003,0
16,103.98758566666667,30.842202666666665,104.15432199999998,30.847402,0
16,103.98758566666667,30.842202666666665,103.94843095000002,30.977993000000005,0
16,103.98758566666667,30.842202666666665,104.096902,30.896734,0
16,103.98758566666667,30.842202666666665,104.13560333333334,30.478386666666665,0
16,103.98758566666667,30.842202666666665,104.43639333333334,30.85260166666667,0
16,103.98758566666667,30.842202666666665,103.87531714285714,30.58457842857143,0
16,103.98758566666667,30.842202666666665,103.57272800000001,30.897280000000002,0
16,103.98758566666667,30.842202666666665,104.269135,30.725851111111112,0
16,103.98758566666667,30.842202666666665,104.20363857142857,30.876861428571427,0
16,103.98758566666667,30.842202666666665,104.26632926086955,30.64805417391305,0
16,103.98758566666667,30.842202666666665,103.85716500000002,30.777672384615382,0
16,103.98758566666667,30.842202666666665,103.63606428571428,30.983785714285716,0
16,103.98758566666667,30.842202666666665,103.99615333333333,30.520253333333333,0
16,103.98758566666667,30.842202666666665,104.20068999999998,30.593339000000004,0
16,103.98758566666667,30.842202666666665,103.9572088888889,30.990869999999997,0
16,103.98758566666667,30.842202666666665,104.21925016666667,30.707968500000003,0
16,103.98758566666667,30.842202666666665,104.327773875,30.637637875,0
16,103.98758566666667,30.842202666666665,103.68092666666666,30.644258333333337,0
16,103.98758566666667,30.842202666666665,104.1073157142857,30.944672857142855,0
16,103.98758566666667,30.842202666666665,104.461646,30.857539600000003,0
16,103.98758566666667,30.842202666666665,104.22959399999999,30.815998,0
16,103.98758566666667,30.842202666666665,103.9334546,30.990269599999998,0
16,103.98758566666667,30.842202666666665,103.80225399999999,30.661294000000005,0
17,104.2350347368421,30.571075105263155,104.07206172260082,30.672240335204563,19
17,104.2350347368421,30.571075105263155,103.9237705251509,30.591269382293763,0
17,104.2350347368421,30.571075105263155,104.25866720930233,30.88396520930232,0
17,104.2350347368421,30.571075105263155,104.2572095409836,30.562403475409837,0
17,104.2350347368421,30.571075105263155,104.30622614285714,30.60209007142857,0
17,104.2350347368421,30.571075105263155,103.85504021904762,30.689626469841276,0
17,104.2350347368421,30.571075105263155,103.99518476923079,30.48707561538462,0
17,104.2350347368421,30.571075105263155,103.88414,30.486520000000002,0
17,104.2350347368421,30.571075105263155,104.17112445000001,30.743695549999995,0
17,104.2350347368421,30.571075105263155,103.98198211214954,30.82188456074766,0
17,104.2350347368421,30.571075105263155,104.0119119047619,30.874704460317464,0
17,104.2350347368421,30.571075105263155,103.95123416666667,30.49310916666667,0
17,104.2350347368421,30.571075105263155,103.9098943,30.72089306666667,0
17,104.2350347368421,30.571075105263155,104.13582,30.48946,0
17,104.2350347368421,30.571075105263155,104.16834499999999,30.760274999999996,0
17,104.2350347368421,30.571075105263155,104.23110196551724,30.649298068965518,0
17,104.2350347368421,30.571075105263155,103.61329,30.99683,0
17,104.2350347368421,30.571075105263155,103.9236534117647,30.673446323529415,0
17,104.2350347368421,30.571075105263155,104.40076285714285,30.86340285714286,0
17,104.2350347368421,30.571075105263155,104.21791800000001,30.802466,0
17,104.2350347368421,30.571075105263155,104.23668295454549,30.782374772727266,0
17,104.2350347368421,30.571075105263155,104.29697363636365,30.684199999999997,0
17,104.2350347368421,30.571075105263155,104.02067249999999,30.839014833333334,0
17,104.2350347368421,30.571075105263155,103.98255375,30.511358750000003,0
17,104.2350347368421,30.571075105263155,104.15432199999998,30.847402,0
17,104.2350347368421,30.571075105263155,103.94843095000002,30.977993000000005,0
17,104.2350347368421,30.571075105263155,104.096902,30.896734,0
17,104.2350347368421,30.571075105263155,104.13560333333334,30.478386666666665,0
17,104.2350347368421,30.571075105263155,104.43639333333334,30.85260166666667,0
17,104.2350347368421,30.571075105263155,103.87531714285714,30.58457842857143,0
17,104.2350347368421,30.571075105263155,103.57272800000001,30.897280000000002,0
17,104.2350347368421,30.571075105263155,104.269135,30.725851111111112,0
17,104.2350347368421,30.571075105263155,104.20363857142857,30.876861428571427,0
17,104.2350347368421,30.571075105263155,104.26632926086955,30.64805417391305,0
17,104.2350347368421,30.571075105263155,103.85716500000002,30.777672384615382,0
17,104.2350347368421,30.571075105263155,103.63606428571428,30.983785714285716,0
17,104.2350347368421,30.571075105263155,103.99615333333333,30.520253333333333,0
17,104.2350347368421,30.571075105263155,104.20068999999998,30.593339000000004,0
17,104.2350347368421,30.571075105263155,103.9572088888889,30.990869999999997,0
17,104.2350347368421,30.571075105263155,104.21925016666667,30.707968500000003,0
17,104.2350347368421,30.571075105263155,104.327773875,30.637637875,0
17,104.2350347368421,30.571075105263155,103.68092666666666,30.644258333333337,0
17,104.2350347368421,30.571075105263155,104.1073157142857,30.944672857142855,0
17,104.2350347368421,30.571075105263155,104.461646,30.857539600000003,0
17,104.2350347368421,30.571075105263155,104.22959399999999,30.815998,0
17,104.2350347368421,30.571075105263155,103.9334546,30.990269599999998,0
17,104.2350347368421,30.571075105263155,103.80225399999999,30.661294000000005,0
18,104.1150895,30.55928075,104.07206172260082,30.672240335204563,8
18,104.1150895,30.55928075,103.9237705251509,30.591269382293763,0
18,104.1150895,30.55928075,104.25866720930233,30.88396520930232,0
18,104.1150895,30.55928075,104.2572095409836,30.562403475409837,0
18,104.1150895,30.55928075,104.30622614285714,30.60209007142857,0
18,104.1150895,30.55928075,103.85504021904762,30.689626469841276,0
18,104.1150895,30.55928075,103.99518476923079,30.48707561538462,0
18,104.1150895,30.55928075,103.88414,30.486520000000002,0
18,104.1150895,30.55928075,104.17112445000001,30.743695549999995,0
18,104.1150895,30.55928075,103.98198211214954,30.82188456074766,0
18,104.1150895,30.55928075,104.0119119047619,30.874704460317464,0
18,104.1150895,30.55928075,103.95123416666667,30.49310916666667,0
18,104.1150895,30.55928075,103.9098943,30.72089306666667,0
18,104.1150895,30.55928075,104.13582,30.48946,0
18,104.1150895,30.55928075,104.16834499999999,30.760274999999996,0
18,104.1150895,30.55928075,104.23110196551724,30.649298068965518,0
18,104.1150895,30.55928075,103.61329,30.99683,0
18,104.1150895,30.55928075,103.9236534117647,30.673446323529415,0
18,104.1150895,30.55928075,104.40076285714285,30.86340285714286,0
18,104.1150895,30.55928075,104.21791800000001,30.802466,0
18,104.1150895,30.55928075,104.23668295454549,30.782374772727266,0
18,104.1150895,30.55928075,104.29697363636365,30.684199999999997,0
18,104.1150895,30.55928075,104.02067249999999,30.839014833333334,0
18,104.1150895,30.55928075,103.98255375,30.511358750000003,0
18,104.1150895,30.55928075,104.15432199999998,30.847402,0
18,104.1150895,30.55928075,103.94843095000002,30.977993000000005,0
18,104.1150895,30.55928075,104.096902,30.896734,0
18,104.1150895,30.55928075,104.13560333333334,30.478386666666665,0
18,104.1150895,30.55928075,104.43639333333334,30.85260166666667,0
18,104.1150895,30.55928075,103.87531714285714,30.58457842857143,0
18,104.1150895,30.55928075,103.57272800000001,30.897280000000002,0
18,104.1150895,30.55928075,104.269135,30.725851111111112,0
18,104.1150895,30.55928075,104.20363857142857,30.876861428571427,0
18,104.1150895,30.55928075,104.26632926086955,30.64805417391305,0
18,104.1150895,30.55928075,103.85716500000002,30.777672384615382,0
18,104.1150895,30.55928075,103.63606428571428,30.983785714285716,0
18,104.1150895,30.55928075,103.99615333333333,30.520253333333333,0
18,104.1150895,30.55928075,104.20068999999998,30.593339000000004,0
18,104.1150895,30.55928075,103.9572088888889,30.990869999999997,0
18,104.1150895,30.55928075,104.21925016666667,30.707968500000003,0
18,104.1150895,30.55928075,104.327773875,30.637637875,0
18,104.1150895,30.55928075,103.68092666666666,30.644258333333337,0
18,104.1150895,30.55928075,104.1073157142857,30.944672857142855,0
18,104.1150895,30.55928075,104.461646,30.857539600000003,0
18,104.1150895,30.55928075,104.22959399999999,30.815998,0
18,104.1150895,30.55928075,103.9334546,30.990269599999998,0
18,104.1150895,30.55928075,103.80225399999999,30.661294000000005,0
19,103.99883055000001,30.5228115,104.07206172260082,30.672240335204563,19
19,103.99883055000001,30.5228115,103.9237705251509,30.591269382293763,0
19,103.99883055000001,30.5228115,104.25866720930233,30.88396520930232,0
19,103.99883055000001,30.5228115,104.2572095409836,30.562403475409837,0
19,103.99883055000001,30.5228115,104.30622614285714,30.60209007142857,0
19,103.99883055000001,30.5228115,103.85504021904762,30.689626469841276,0
19,103.99883055000001,30.5228115,103.99518476923079,30.48707561538462,0
19,103.99883055000001,30.5228115,103.88414,30.486520000000002,0
19,103.99883055000001,30.5228115,104.17112445000001,30.743695549999995,0
19,103.99883055000001,30.5228115,103.98198211214954,30.82188456074766,0
19,103.99883055000001,30.5228115,104.0119119047619,30.874704460317464,0
19,103.99883055000001,30.5228115,103.95123416666667,30.49310916666667,0
19,103.99883055000001,30.5228115,103.9098943,30.72089306666667,0
19,103.99883055000001,30.5228115,104.13582,30.48946,0
19,103.99883055000001,30.5228115,104.16834499999999,30.760274999999996,0
19,103.99883055000001,30.5228115,104.23110196551724,30.649298068965518,0
19,103.99883055000001,30.5228115,103.61329,30.99683,0
19,103.99883055000001,30.5228115,103.9236534117647,30.673446323529415,0
19,103.99883055000001,30.5228115,104.40076285714285,30.86340285714286,0
19,103.99883055000001,30.5228115,104.21791800000001,30.802466,0
19,103.99883055000001,30.5228115,104.23668295454549,30.782374772727266,0
19,103.99883055000001,30.5228115,104.29697363636365,30.684199999999997,0
19,103.99883055000001,30.5228115,104.02067249999999,30.839014833333334,0
19,103.99883055000001,30.5228115,103.98255375,30.511358750000003,0
19,103.99883055000001,30.5228115,104.15432199999998,30.847402,0
19,103.99883055000001,30.5228115,103.94843095000002,30.977993000000005,0
19,103.99883055000001,30.5228115,104.096902,30.896734,0
19,103.99883055000001,30.5228115,104.13560333333334,30.478386666666665,0
19,103.99883055000001,30.5228115,104.43639333333334,30.85260166666667,0
19,103.99883055000001,30.5228115,103.87531714285714,30.58457842857143,0
19,103.99883055000001,30.5228115,103.57272800000001,30.897280000000002,0
19,103.99883055000001,30.5228115,104.269135,30.725851111111112,0
19,103.99883055000001,30.5228115,104.20363857142857,30.876861428571427,0
19,103.99883055000001,30.5228115,104.26632926086955,30.64805417391305,0
19,103.99883055000001,30.5228115,103.85716500000002,30.777672384615382,0
19,103.99883055000001,30.5228115,103.63606428571428,30.983785714285716,0
19,103.99883055000001,30.5228115,103.99615333333333,30.520253333333333,0
19,103.99883055000001,30.5228115,104.20068999999998,30.593339000000004,0
19,103.99883055000001,30.5228115,103.9572088888889,30.990869999999997,0
19,103.99883055000001,30.5228115,104.21925016666667,30.707968500000003,0
19,103.99883055000001,30.5228115,104.327773875,30.637637875,0
19,103.99883055000001,30.5228115,103.68092666666666,30.644258333333337,0
19,103.99883055000001,30.5228115,104.1073157142857,30.944672857142855,0
19,103.99883055000001,30.5228115,104.461646,30.857539600000003,0
19,103.99883055000001,30.5228115,104.22959399999999,30.815998,0
19,103.99883055000001,30.5228115,103.9334546,30.990269599999998,0
19,103.99883055000001,30.5228115,103.80225399999999,30.661294000000005,0
20,104.30650466666665,30.602044466666666,104.07206172260082,30.672240335204563,14
20,104.30650466666665,30.602044466666666,103.9237705251509,30.591269382293763,0
20,104.30650466666665,30.602044466666666,104.25866720930233,30.88396520930232,0
20,104.30650466666665,30.602044466666666,104.2572095409836,30.562403475409837,0
20,104.30650466666665,30.602044466666666,104.30622614285714,30.60209007142857,0
20,104.30650466666665,30.602044466666666,103.85504021904762,30.689626469841276,1
20,104.30650466666665,30.602044466666666,103.99518476923079,30.48707561538462,0
20,104.30650466666665,30.602044466666666,103.88414,30.486520000000002,0
20,104.30650466666665,30.602044466666666,104.17112445000001,30.743695549999995,0
20,104.30650466666665,30.602044466666666,103.98198211214954,30.82188456074766,0
20,104.30650466666665,30.602044466666666,104.0119119047619,30.874704460317464,0
20,104.30650466666665,30.602044466666666,103.95123416666667,30.49310916666667,0
20,104.30650466666665,30.602044466666666,103.9098943,30.72089306666667,0
20,104.30650466666665,30.602044466666666,104.13582,30.48946,0
20,104.30650466666665,30.602044466666666,104.16834499999999,30.760274999999996,0
20,104.30650466666665,30.602044466666666,104.23110196551724,30.649298068965518,0
20,104.30650466666665,30.602044466666666,103.61329,30.99683,0
20,104.30650466666665,30.602044466666666,103.9236534117647,30.673446323529415,0
20,104.30650466666665,30.602044466666666,104.40076285714285,30.86340285714286,0
20,104.30650466666665,30.602044466666666,104.21791800000001,30.802466,0
20,104.30650466666665,30.602044466666666,104.23668295454549,30.782374772727266,0
20,104.30650466666665,30.602044466666666,104.29697363636365,30.684199999999997,0
20,104.30650466666665,30.602044466666666,104.02067249999999,30.839014833333334,0
20,104.30650466666665,30.602044466666666,103.98255375,30.511358750000003,0
20,104.30650466666665,30.602044466666666,104.15432199999998,30.847402,0
20,104.30650466666665,30.602044466666666,103.94843095000002,30.977993000000005,0
20,104.30650466666665,30.602044466666666,104.096902,30.896734,0
20,104.30650466666665,30.602044466666666,104.13560333333334,30.478386666666665,0
20,104.30650466666665,30.602044466666666,104.43639333333334,30.85260166666667,0
20,104.30650466666665,30.602044466666666,103.87531714285714,30.58457842857143,0
20,104.30650466666665,30.602044466666666,103.57272800000001,30.897280000000002,0
20,104.30650466666665,30.602044466666666,104.269135,30.725851111111112,0
20,104.30650466666665,30.602044466666666,104.20363857142857,30.876861428571427,0
20,104.30650466666665,30.602044466666666,104.26632926086955,30.64805417391305,0
20,104.30650466666665,30.602044466666666,103.85716500000002,30.777672384615382,0
20,104.30650466666665,30.602044466666666,103.63606428571428,30.983785714285716,0
20,104.30650466666665,30.602044466666666,103.99615333333333,30.520253333333333,0
20,104.30650466666665,30.602044466666666,104.20068999999998,30.593339000000004,0
20,104.30650466666665,30.602044466666666,103.9572088888889,30.990869999999997,0
20,104.30650466666665,30.602044466666666,104.21925016666667,30.707968500000003,0
20,104.30650466666665,30.602044466666666,104.327773875,30.637637875,0
20,104.30650466666665,30.602044466666666,103.68092666666666,30.644258333333337,0
20,104.30650466666665,30.602044466666666,104.1073157142857,30.944672857142855,0
20,104.30650466666665,30.602044466666666,104.461646,30.857539600000003,0
20,104.30650466666665,30.602044466666666,104.22959399999999,30.815998,0
20,104.30650466666665,30.602044466666666,103.9334546,30.990269599999998,0
20,104.30650466666665,30.602044466666666,103.80225399999999,30.661294000000005,0
21,103.95078113636363,30.986265181818183,104.07206172260082,30.672240335204563,22
21,103.95078113636363,30.986265181818183,103.9237705251509,30.591269382293763,0
21,103.95078113636363,30.986265181818183,104.25866720930233,30.88396520930232,0
21,103.95078113636363,30.986265181818183,104.2572095409836,30.562403475409837,0
21,103.95078113636363,30.986265181818183,104.30622614285714,30.60209007142857,0
21,103.95078113636363,30.986265181818183,103.85504021904762,30.689626469841276,0
21,103.95078113636363,30.986265181818183,103.99518476923079,30.48707561538462,0
21,103.95078113636363,30.986265181818183,103.88414,30.486520000000002,0
21,103.95078113636363,30.986265181818183,104.17112445000001,30.743695549999995,0
21,103.95078113636363,30.986265181818183,103.98198211214954,30.82188456074766,0
21,103.95078113636363,30.986265181818183,104.0119119047619,30.874704460317464,0
21,103.95078113636363,30.986265181818183,103.95123416666667,30.49310916666667,0
21,103.95078113636363,30.986265181818183,103.9098943,30.72089306666667,0
21,103.95078113636363,30.986265181818183,104.13582,30.48946,0
21,103.95078113636363,30.986265181818183,104.16834499999999,30.760274999999996,0
21,103.95078113636363,30.986265181818183,104.23110196551724,30.649298068965518,0
21,103.95078113636363,30.986265181818183,103.61329,30.99683,0
21,103.95078113636363,30.986265181818183,103.9236534117647,30.673446323529415,0
21,103.95078113636363,30.986265181818183,104.40076285714285,30.86340285714286,0
21,103.95078113636363,30.986265181818183,104.21791800000001,30.802466,0
21,103.95078113636363,30.986265181818183,104.23668295454549,30.782374772727266,0
21,103.95078113636363,30.986265181818183,104.29697363636365,30.684199999999997,0
21,103.95078113636363,30.986265181818183,104.02067249999999,30.839014833333334,0
21,103.95078113636363,30.986265181818183,103.98255375,30.511358750000003,0
21,103.95078113636363,30.986265181818183,104.15432199999998,30.847402,0
21,103.95078113636363,30.986265181818183,103.94843095000002,30.977993000000005,0
21,103.95078113636363,30.986265181818183,104.096902,30.896734,0
21,103.95078113636363,30.986265181818183,104.13560333333334,30.478386666666665,0
21,103.95078113636363,30.986265181818183,104.43639333333334,30.85260166666667,0
21,103.95078113636363,30.986265181818183,103.87531714285714,30.58457842857143,0
21,103.95078113636363,30.986265181818183,103.57272800000001,30.897280000000002,0
21,103.95078113636363,30.986265181818183,104.269135,30.725851111111112,0
21,103.95078113636363,30.986265181818183,104.20363857142857,30.876861428571427,0
21,103.95078113636363,30.986265181818183,104.26632926086955,30.64805417391305,0
21,103.95078113636363,30.986265181818183,103.85716500000002,30.777672384615382,0
21,103.95078113636363,30.986265181818183,103.63606428571428,30.983785714285716,0
21,103.95078113636363,30.986265181818183,103.99615333333333,30.520253333333333,0
21,103.95078113636363,30.986265181818183,104.20068999999998,30.593339000000004,0
21,103.95078113636363,30.986265181818183,103.9572088888889,30.990869999999997,0
21,103.95078113636363,30.986265181818183,104.21925016666667,30.707968500000003,0
21,103.95078113636363,30.986265181818183,104.327773875,30.637637875,0
21,103.95078113636363,30.986265181818183,103.68092666666666,30.644258333333337,0
21,103.95078113636363,30.986265181818183,104.1073157142857,30.944672857142855,0
21,103.95078113636363,30.986265181818183,104.461646,30.857539600000003,0
21,103.95078113636363,30.986265181818183,104.22959399999999,30.815998,0
21,103.95078113636363,30.986265181818183,103.9334546,30.990269599999998,0
21,103.95078113636363,30.986265181818183,103.80225399999999,30.661294000000005,0
22,103.90320899999999,30.7138414,104.07206172260082,30.672240335204563,5
22,103.90320899999999,30.7138414,103.9237705251509,30.591269382293763,0
22,103.90320899999999,30.7138414,104.25866720930233,30.88396520930232,0
22,103.90320899999999,30.7138414,104.2572095409836,30.562403475409837,0
22,103.90320899999999,30.7138414,104.30622614285714,30.60209007142857,0
22,103.90320899999999,30.7138414,103.85504021904762,30.689626469841276,0
22,103.90320899999999,30.7138414,103.99518476923079,30.48707561538462,0
22,103.90320899999999,30.7138414,103.88414,30.486520000000002,0
22,103.90320899999999,30.7138414,104.17112445000001,30.743695549999995,0
22,103.90320899999999,30.7138414,103.98198211214954,30.82188456074766,0
22,103.90320899999999,30.7138414,104.0119119047619,30.874704460317464,0
22,103.90320899999999,30.7138414,103.95123416666667,30.49310916666667,0
22,103.90320899999999,30.7138414,103.9098943,30.72089306666667,0
22,103.90320899999999,30.7138414,104.13582,30.48946,0
22,103.90320899999999,30.7138414,104.16834499999999,30.760274999999996,0
22,103.90320899999999,30.7138414,104.23110196551724,30.649298068965518,0
22,103.90320899999999,30.7138414,103.61329,30.99683,0
22,103.90320899999999,30.7138414,103.9236534117647,30.673446323529415,0
22,103.90320899999999,30.7138414,104.40076285714285,30.86340285714286,0
22,103.90320899999999,30.7138414,104.21791800000001,30.802466,0
22,103.90320899999999,30.7138414,104.23668295454549,30.782374772727266,0
22,103.90320899999999,30.7138414,104.29697363636365,30.684199999999997,0
22,103.90320899999999,30.7138414,104.02067249999999,30.839014833333334,0
22,103.90320899999999,30.7138414,103.98255375,30.511358750000003,0
22,103.90320899999999,30.7138414,104.15432199999998,30.847402,0
22,103.90320899999999,30.7138414,103.94843095000002,30.977993000000005,0
22,103.90320899999999,30.7138414,104.096902,30.896734,0
22,103.90320899999999,30.7138414,104.13560333333334,30.478386666666665,0
22,103.90320899999999,30.7138414,104.43639333333334,30.85260166666667,0
22,103.90320899999999,30.7138414,103.87531714285714,30.58457842857143,0
22,103.90320899999999,30.7138414,103.57272800000001,30.897280000000002,0
22,103.90320899999999,30.7138414,104.269135,30.725851111111112,0
22,103.90320899999999,30.7138414,104.20363857142857,30.876861428571427,0
22,103.90320899999999,30.7138414,104.26632926086955,30.64805417391305,0
22,103.90320899999999,30.7138414,103.85716500000002,30.777672384615382,0
22,103.90320899999999,30.7138414,103.63606428571428,30.983785714285716,0
22,103.90320899999999,30.7138414,103.99615333333333,30.520253333333333,0
22,103.90320899999999,30.7138414,104.20068999999998,30.593339000000004,0
22,103.90320899999999,30.7138414,103.9572088888889,30.990869999999997,0
22,103.90320899999999,30.7138414,104.21925016666667,30.707968500000003,0
22,103.90320899999999,30.7138414,104.327773875,30.637637875,0
22,103.90320899999999,30.7138414,103.68092666666666,30.644258333333337,0
22,103.90320899999999,30.7138414,104.1073157142857,30.944672857142855,0
22,103.90320899999999,30.7138414,104.461646,30.857539600000003,0
22,103.90320899999999,30.7138414,104.22959399999999,30.815998,0
22,103.90320899999999,30.7138414,103.9334546,30.990269599999998,0
22,103.90320899999999,30.7138414,103.80225399999999,30.661294000000005,0
23,103.801384,30.643273833333335,104.07206172260082,30.672240335204563,6
23,103.801384,30.643273833333335,103.9237705251509,30.591269382293763,0
23,103.801384,30.643273833333335,104.25866720930233,30.88396520930232,0
23,103.801384,30.643273833333335,104.2572095409836,30.562403475409837,0
23,103.801384,30.643273833333335,104.30622614285714,30.60209007142857,0
23,103.801384,30.643273833333335,103.85504021904762,30.689626469841276,0
23,103.801384,30.643273833333335,103.99518476923079,30.48707561538462,0
23,103.801384,30.643273833333335,103.88414,30.486520000000002,0
23,103.801384,30.643273833333335,104.17112445000001,30.743695549999995,0
23,103.801384,30.643273833333335,103.98198211214954,30.82188456074766,0
23,103.801384,30.643273833333335,104.0119119047619,30.874704460317464,0
23,103.801384,30.643273833333335,103.95123416666667,30.49310916666667,0
23,103.801384,30.643273833333335,103.9098943,30.72089306666667,0
23,103.801384,30.643273833333335,104.13582,30.48946,0
23,103.801384,30.643273833333335,104.16834499999999,30.760274999999996,0
23,103.801384,30.643273833333335,104.23110196551724,30.649298068965518,0
23,103.801384,30.643273833333335,103.61329,30.99683,0
23,103.801384,30.643273833333335,103.9236534117647,30.673446323529415,0
23,103.801384,30.643273833333335,104.40076285714285,30.86340285714286,0
23,103.801384,30.643273833333335,104.21791800000001,30.802466,0
23,103.801384,30.643273833333335,104.23668295454549,30.782374772727266,0
23,103.801384,30.643273833333335,104.29697363636365,30.684199999999997,0
23,103.801384,30.643273833333335,104.02067249999999,30.839014833333334,0
23,103.801384,30.643273833333335,103.98255375,30.511358750000003,0
23,103.801384,30.643273833333335,104.15432199999998,30.847402,0
23,103.801384,30.643273833333335,103.94843095000002,30.977993000000005,0
23,103.801384,30.643273833333335,104.096902,30.896734,0
23,103.801384,30.643273833333335,104.13560333333334,30.478386666666665,0
23,103.801384,30.643273833333335,104.43639333333334,30.85260166666667,0
23,103.801384,30.643273833333335,103.87531714285714,30.58457842857143,0
23,103.801384,30.643273833333335,103.57272800000001,30.897280000000002,0
23,103.801384,30.643273833333335,104.269135,30.725851111111112,0
23,103.801384,30.643273833333335,104.20363857142857,30.876861428571427,0
23,103.801384,30.643273833333335,104.26632926086955,30.64805417391305,0
23,103.801384,30.643273833333335,103.85716500000002,30.777672384615382,0
23,103.801384,30.643273833333335,103.63606428571428,30.983785714285716,0
23,103.801384,30.643273833333335,103.99615333333333,30.520253333333333,0
23,103.801384,30.643273833333335,104.20068999999998,30.593339000000004,0
23,103.801384,30.643273833333335,103.9572088888889,30.990869999999997,0
23,103.801384,30.643273833333335,104.21925016666667,30.707968500000003,0
23,103.801384,30.643273833333335,104.327773875,30.637637875,0
23,103.801384,30.643273833333335,103.68092666666666,30.644258333333337,0
23,103.801384,30.643273833333335,104.1073157142857,30.944672857142855,0
23,103.801384,30.643273833333335,104.461646,30.857539600000003,0
23,103.801384,30.643273833333335,104.22959399999999,30.815998,0
23,103.801384,30.643273833333335,103.9334546,30.990269599999998,0
23,103.801384,30.643273833333335,103.80225399999999,30.661294000000005,0
24,103.8638468,30.7843308,104.07206172260082,30.672240335204563,5
24,103.8638468,30.7843308,103.9237705251509,30.591269382293763,0
24,103.8638468,30.7843308,104.25866720930233,30.88396520930232,0
24,103.8638468,30.7843308,104.2572095409836,30.562403475409837,0
24,103.8638468,30.7843308,104.30622614285714,30.60209007142857,0
24,103.8638468,30.7843308,103.85504021904762,30.689626469841276,0
24,103.8638468,30.7843308,103.99518476923079,30.48707561538462,0
24,103.8638468,30.7843308,103.88414,30.486520000000002,0
24,103.8638468,30.7843308,104.17112445000001,30.743695549999995,0
24,103.8638468,30.7843308,103.98198211214954,30.82188456074766,0
24,103.8638468,30.7843308,104.0119119047619,30.874704460317464,0
24,103.8638468,30.7843308,103.95123416666667,30.49310916666667,0
24,103.8638468,30.7843308,103.9098943,30.72089306666667,0
24,103.8638468,30.7843308,104.13582,30.48946,0
24,103.8638468,30.7843308,104.16834499999999,30.760274999999996,0
24,103.8638468,30.7843308,104.23110196551724,30.649298068965518,0
24,103.8638468,30.7843308,103.61329,30.99683,0
24,103.8638468,30.7843308,103.9236534117647,30.673446323529415,0
24,103.8638468,30.7843308,104.40076285714285,30.86340285714286,0
24,103.8638468,30.7843308,104.21791800000001,30.802466,0
24,103.8638468,30.7843308,104.23668295454549,30.782374772727266,0
24,103.8638468,30.7843308,104.29697363636365,30.684199999999997,0
24,103.8638468,30.7843308,104.02067249999999,30.839014833333334,0
24,103.8638468,30.7843308,103.98255375,30.511358750000003,0
24,103.8638468,30.7843308,104.15432199999998,30.847402,0
24,103.8638468,30.7843308,103.94843095000002,30.977993000000005,0
24,103.8638468,30.7843308,104.096902,30.896734,0
24,103.8638468,30.7843308,104.13560333333334,30.478386666666665,0
24,103.8638468,30.7843308,104.43639333333334,30.85260166666667,0
24,103.8638468,30.7843308,103.87531714285714,30.58457842857143,0
24,103.8638468,30.7843308,103.57272800000001,30.897280000000002,0
24,103.8638468,30.7843308,104.269135,30.725851111111112,0
24,103.8638468,30.7843308,104.20363857142857,30.876861428571427,0
24,103.8638468,30.7843308,104.26632926086955,30.64805417391305,0
24,103.8638468,30.7843308,103.85716500000002,30.777672384615382,0
24,103.8638468,30.7843308,103.63606428571428,30.983785714285716,0
24,103.8638468,30.7843308,103.99615333333333,30.520253333333333,0
24,103.8638468,30.7843308,104.20068999999998,30.593339000000004,0
24,103.8638468,30.7843308,103.9572088888889,30.990869999999997,0
24,103.8638468,30.7843308,104.21925016666667,30.707968500000003,0
24,103.8638468,30.7843308,104.327773875,30.637637875,0
24,103.8638468,30.7843308,103.68092666666666,30.644258333333337,0
24,103.8638468,30.7843308,104.1073157142857,30.944672857142855,0
24,103.8638468,30.7843308,104.461646,30.857539600000003,0
24,103.8638468,30.7843308,104.22959399999999,30.815998,0
24,103.8638468,30.7843308,103.9334546,30.990269599999998,0
24,103.8638468,30.7843308,103.80225399999999,30.661294000000005,0
25,104.24375760000001,30.884438999999997,104.07206172260082,30.672240335204563,5
25,104.24375760000001,30.884438999999997,103.9237705251509,30.591269382293763,0
25,104.24375760000001,30.884438999999997,104.25866720930233,30.88396520930232,0
25,104.24375760000001,30.884438999999997,104.2572095409836,30.562403475409837,0
25,104.24375760000001,30.884438999999997,104.30622614285714,30.60209007142857,0
25,104.24375760000001,30.884438999999997,103.85504021904762,30.689626469841276,0
25,104.24375760000001,30.884438999999997,103.99518476923079,30.48707561538462,0
25,104.24375760000001,30.884438999999997,103.88414,30.486520000000002,0
25,104.24375760000001,30.884438999999997,104.17112445000001,30.743695549999995,0
25,104.24375760000001,30.884438999999997,103.98198211214954,30.82188456074766,0
25,104.24375760000001,30.884438999999997,104.0119119047619,30.874704460317464,0
25,104.24375760000001,30.884438999999997,103.95123416666667,30.49310916666667,0
25,104.24375760000001,30.884438999999997,103.9098943,30.72089306666667,0
25,104.24375760000001,30.884438999999997,104.13582,30.48946,0
25,104.24375760000001,30.884438999999997,104.16834499999999,30.760274999999996,0
25,104.24375760000001,30.884438999999997,104.23110196551724,30.649298068965518,0
25,104.24375760000001,30.884438999999997,103.61329,30.99683,0
25,104.24375760000001,30.884438999999997,103.9236534117647,30.673446323529415,0
25,104.24375760000001,30.884438999999997,104.40076285714285,30.86340285714286,0
25,104.24375760000001,30.884438999999997,104.21791800000001,30.802466,0
25,104.24375760000001,30.884438999999997,104.23668295454549,30.782374772727266,0
25,104.24375760000001,30.884438999999997,104.29697363636365,30.684199999999997,0
25,104.24375760000001,30.884438999999997,104.02067249999999,30.839014833333334,0
25,104.24375760000001,30.884438999999997,103.98255375,30.511358750000003,0
25,104.24375760000001,30.884438999999997,104.15432199999998,30.847402,0
25,104.24375760000001,30.884438999999997,103.94843095000002,30.977993000000005,0
25,104.24375760000001,30.884438999999997,104.096902,30.896734,0
25,104.24375760000001,30.884438999999997,104.13560333333334,30.478386666666665,0
25,104.24375760000001,30.884438999999997,104.43639333333334,30.85260166666667,0
25,104.24375760000001,30.884438999999997,103.87531714285714,30.58457842857143,0
25,104.24375760000001,30.884438999999997,103.57272800000001,30.897280000000002,0
25,104.24375760000001,30.884438999999997,104.269135,30.725851111111112,0
25,104.24375760000001,30.884438999999997,104.20363857142857,30.876861428571427,0
25,104.24375760000001,30.884438999999997,104.26632926086955,30.64805417391305,0
25,104.24375760000001,30.884438999999997,103.85716500000002,30.777672384615382,0
25,104.24375760000001,30.884438999999997,103.63606428571428,30.983785714285716,0
25,104.24375760000001,30.884438999999997,103.99615333333333,30.520253333333333,0
25,104.24375760000001,30.884438999999997,104.20068999999998,30.593339000000004,0
25,104.24375760000001,30.884438999999997,103.9572088888889,30.990869999999997,0
25,104.24375760000001,30.884438999999997,104.21925016666667,30.707968500000003,0
25,104.24375760000001,30.884438999999997,104.327773875,30.637637875,0
25,104.24375760000001,30.884438999999997,103.68092666666666,30.644258333333337,0
25,104.24375760000001,30.884438999999997,104.1073157142857,30.944672857142855,0
25,104.24375760000001,30.884438999999997,104.461646,30.857539600000003,0
25,104.24375760000001,30.884438999999997,104.22959399999999,30.815998,0
25,104.24375760000001,30.884438999999997,103.9334546,30.990269599999998,0
25,104.24375760000001,30.884438999999997,103.80225399999999,30.661294000000005,0
26,103.90035685714285,30.761692571428572,104.07206172260082,30.672240335204563,7
26,103.90035685714285,30.761692571428572,103.9237705251509,30.591269382293763,0
26,103.90035685714285,30.761692571428572,104.25866720930233,30.88396520930232,0
26,103.90035685714285,30.761692571428572,104.2572095409836,30.562403475409837,0
26,103.90035685714285,30.761692571428572,104.30622614285714,30.60209007142857,0
26,103.90035685714285,30.761692571428572,103.85504021904762,30.689626469841276,0
26,103.90035685714285,30.761692571428572,103.99518476923079,30.48707561538462,0
26,103.90035685714285,30.761692571428572,103.88414,30.486520000000002,0
26,103.90035685714285,30.761692571428572,104.17112445000001,30.743695549999995,0
26,103.90035685714285,30.761692571428572,103.98198211214954,30.82188456074766,0
26,103.90035685714285,30.761692571428572,104.0119119047619,30.874704460317464,0
26,103.90035685714285,30.761692571428572,103.95123416666667,30.49310916666667,0
26,103.90035685714285,30.761692571428572,103.9098943,30.72089306666667,0
26,103.90035685714285,30.761692571428572,104.13582,30.48946,0
26,103.90035685714285,30.761692571428572,104.16834499999999,30.760274999999996,0
26,103.90035685714285,30.761692571428572,104.23110196551724,30.649298068965518,0
26,103.90035685714285,30.761692571428572,103.61329,30.99683,0
26,103.90035685714285,30.761692571428572,103.9236534117647,30.673446323529415,0
26,103.90035685714285,30.761692571428572,104.40076285714285,30.86340285714286,0
26,103.90035685714285,30.761692571428572,104.21791800000001,30.802466,0
26,103.90035685714285,30.761692571428572,104.23668295454549,30.782374772727266,0
26,103.90035685714285,30.761692571428572,104.29697363636365,30.684199999999997,0
26,103.90035685714285,30.761692571428572,104.02067249999999,30.839014833333334,0
26,103.90035685714285,30.761692571428572,103.98255375,30.511358750000003,0
26,103.90035685714285,30.761692571428572,104.15432199999998,30.847402,0
26,103.90035685714285,30.761692571428572,103.94843095000002,30.977993000000005,0
26,103.90035685714285,30.761692571428572,104.096902,30.896734,0
26,103.90035685714285,30.761692571428572,104.13560333333334,30.478386666666665,0
26,103.90035685714285,30.761692571428572,104.43639333333334,30.85260166666667,0
26,103.90035685714285,30.761692571428572,103.87531714285714,30.58457842857143,0
26,103.90035685714285,30.761692571428572,103.57272800000001,30.897280000000002,0
26,103.90035685714285,30.761692571428572,104.269135,30.725851111111112,0
26,103.90035685714285,30.761692571428572,104.20363857142857,30.876861428571427,0
26,103.90035685714285,30.761692571428572,104.26632926086955,30.64805417391305,0
26,103.90035685714285,30.761692571428572,103.85716500000002,30.777672384615382,0
26,103.90035685714285,30.761692571428572,103.63606428571428,30.983785714285716,0
26,103.90035685714285,30.761692571428572,103.99615333333333,30.520253333333333,0
26,103.90035685714285,30.761692571428572,104.20068999999998,30.593339000000004,0
26,103.90035685714285,30.761692571428572,103.9572088888889,30.990869999999997,0
26,103.90035685714285,30.761692571428572,104.21925016666667,30.707968500000003,0
26,103.90035685714285,30.761692571428572,104.327773875,30.637637875,0
26,103.90035685714285,30.761692571428572,103.68092666666666,30.644258333333337,0
26,103.90035685714285,30.761692571428572,104.1073157142857,30.944672857142855,0
26,103.90035685714285,30.761692571428572,104.461646,30.857539600000003,0
26,103.90035685714285,30.761692571428572,104.22959399999999,30.815998,0
26,103.90035685714285,30.761692571428572,103.9334546,30.990269599999998,0
26,103.90035685714285,30.761692571428572,103.80225399999999,30.661294000000005,0
27,103.8678398,30.663142800000003,104.07206172260082,30.672240335204563,5
27,103.8678398,30.663142800000003,103.9237705251509,30.591269382293763,0
27,103.8678398,30.663142800000003,104.25866720930233,30.88396520930232,0
27,103.8678398,30.663142800000003,104.2572095409836,30.562403475409837,0
27,103.8678398,30.663142800000003,104.30622614285714,30.60209007142857,0
27,103.8678398,30.663142800000003,103.85504021904762,30.689626469841276,0
27,103.8678398,30.663142800000003,103.99518476923079,30.48707561538462,0
27,103.8678398,30.663142800000003,103.88414,30.486520000000002,0
27,103.8678398,30.663142800000003,104.17112445000001,30.743695549999995,0
27,103.8678398,30.663142800000003,103.98198211214954,30.82188456074766,0
27,103.8678398,30.663142800000003,104.0119119047619,30.874704460317464,0
27,103.8678398,30.663142800000003,103.95123416666667,30.49310916666667,0
27,103.8678398,30.663142800000003,103.9098943,30.72089306666667,0
27,103.8678398,30.663142800000003,104.13582,30.48946,0
27,103.8678398,30.663142800000003,104.16834499999999,30.760274999999996,0
27,103.8678398,30.663142800000003,104.23110196551724,30.649298068965518,0
27,103.8678398,30.663142800000003,103.61329,30.99683,0
27,103.8678398,30.663142800000003,103.9236534117647,30.673446323529415,0
27,103.8678398,30.663142800000003,104.40076285714285,30.86340285714286,0
27,103.8678398,30.663142800000003,104.21791800000001,30.802466,0
27,103.8678398,30.663142800000003,104.23668295454549,30.782374772727266,0
27,103.8678398,30.663142800000003,104.29697363636365,30.684199999999997,0
27,103.8678398,30.663142800000003,104.02067249999999,30.839014833333334,0
27,103.8678398,30.663142800000003,103.98255375,30.511358750000003,0
27,103.8678398,30.663142800000003,104.15432199999998,30.847402,0
27,103.8678398,30.663142800000003,103.94843095000002,30.977993000000005,0
27,103.8678398,30.663142800000003,104.096902,30.896734,0
27,103.8678398,30.663142800000003,104.13560333333334,30.478386666666665,0
27,103.8678398,30.663142800000003,104.43639333333334,30.85260166666667,0
27,103.8678398,30.663142800000003,103.87531714285714,30.58457842857143,0
27,103.8678398,30.663142800000003,103.57272800000001,30.897280000000002,0
27,103.8678398,30.663142800000003,104.269135,30.725851111111112,0
27,103.8678398,30.663142800000003,104.20363857142857,30.876861428571427,0
27,103.8678398,30.663142800000003,104.26632926086955,30.64805417391305,0
27,103.8678398,30.663142800000003,103.85716500000002,30.777672384615382,0
27,103.8678398,30.663142800000003,103.63606428571428,30.983785714285716,0
27,103.8678398,30.663142800000003,103.99615333333333,30.520253333333333,0
27,103.8678398,30.663142800000003,104.20068999999998,30.593339000000004,0
27,103.8678398,30.663142800000003,103.9572088888889,30.990869999999997,0
27,103.8678398,30.663142800000003,104.21925016666667,30.707968500000003,0
27,103.8678398,30.663142800000003,104.327773875,30.637637875,0
27,103.8678398,30.663142800000003,103.68092666666666,30.644258333333337,0
27,103.8678398,30.663142800000003,104.1073157142857,30.944672857142855,0
27,103.8678398,30.663142800000003,104.461646,30.857539600000003,0
27,103.8678398,30.663142800000003,104.22959399999999,30.815998,0
27,103.8678398,30.663142800000003,103.9334546,30.990269599999998,0
27,103.8678398,30.663142800000003,103.80225399999999,30.661294000000005,0
28,104.1937604,30.8656496,104.07206172260082,30.672240335204563,5
28,104.1937604,30.8656496,103.9237705251509,30.591269382293763,0
28,104.1937604,30.8656496,104.25866720930233,30.88396520930232,0
28,104.1937604,30.8656496,104.2572095409836,30.562403475409837,0
28,104.1937604,30.8656496,104.30622614285714,30.60209007142857,0
28,104.1937604,30.8656496,103.85504021904762,30.689626469841276,0
28,104.1937604,30.8656496,103.99518476923079,30.48707561538462,0
28,104.1937604,30.8656496,103.88414,30.486520000000002,0
28,104.1937604,30.8656496,104.17112445000001,30.743695549999995,0
28,104.1937604,30.8656496,103.98198211214954,30.82188456074766,0
28,104.1937604,30.8656496,104.0119119047619,30.874704460317464,0
28,104.1937604,30.8656496,103.95123416666667,30.49310916666667,0
28,104.1937604,30.8656496,103.9098943,30.72089306666667,0
28,104.1937604,30.8656496,104.13582,30.48946,0
28,104.1937604,30.8656496,104.16834499999999,30.760274999999996,0
28,104.1937604,30.8656496,104.23110196551724,30.649298068965518,0
28,104.1937604,30.8656496,103.61329,30.99683,0
28,104.1937604,30.8656496,103.9236534117647,30.673446323529415,0
28,104.1937604,30.8656496,104.40076285714285,30.86340285714286,0
28,104.1937604,30.8656496,104.21791800000001,30.802466,0
28,104.1937604,30.8656496,104.23668295454549,30.782374772727266,0
28,104.1937604,30.8656496,104.29697363636365,30.684199999999997,0
28,104.1937604,30.8656496,104.02067249999999,30.839014833333334,0
28,104.1937604,30.8656496,103.98255375,30.511358750000003,0
28,104.1937604,30.8656496,104.15432199999998,30.847402,0
28,104.1937604,30.8656496,103.94843095000002,30.977993000000005,0
28,104.1937604,30.8656496,104.096902,30.896734,0
28,104.1937604,30.8656496,104.13560333333334,30.478386666666665,0
28,104.1937604,30.8656496,104.43639333333334,30.85260166666667,0
28,104.1937604,30.8656496,103.87531714285714,30.58457842857143,0
28,104.1937604,30.8656496,103.57272800000001,30.897280000000002,0
28,104.1937604,30.8656496,104.269135,30.725851111111112,0
28,104.1937604,30.8656496,104.20363857142857,30.876861428571427,0
28,104.1937604,30.8656496,104.26632926086955,30.64805417391305,0
28,104.1937604,30.8656496,103.85716500000002,30.777672384615382,0
28,104.1937604,30.8656496,103.63606428571428,30.983785714285716,0
28,104.1937604,30.8656496,103.99615333333333,30.520253333333333,0
28,104.1937604,30.8656496,104.20068999999998,30.593339000000004,0
28,104.1937604,30.8656496,103.9572088888889,30.990869999999997,0
28,104.1937604,30.8656496,104.21925016666667,30.707968500000003,0
28,104.1937604,30.8656496,104.327773875,30.637637875,0
28,104.1937604,30.8656496,103.68092666666666,30.644258333333337,0
28,104.1937604,30.8656496,104.1073157142857,30.944672857142855,0
28,104.1937604,30.8656496,104.461646,30.857539600000003,0
28,104.1937604,30.8656496,104.22959399999999,30.815998,0
28,104.1937604,30.8656496,103.9334546,30.990269599999998,0
28,104.1937604,30.8656496,103.80225399999999,30.661294000000005,0
